image_id,cached_path,source_split,sid_label,binary_label,width,height
full_synthetic_058861,data/cache/sid/train/full_synthetic_058861__e59c8aaab8.png,train,1,1,1024,1024
full_synthetic_010826,data/cache/sid/train/full_synthetic_010826__d2d593ba82.png,train,1,1,1024,1024
07c4c14d0b894f77,data/cache/sid/train/07c4c14d0b894f77__771a68f803.png,train,0,0,1024,768
ebb02bca704c06c9,data/cache/sid/train/ebb02bca704c06c9__a5f7ad23f5.png,train,0,0,1024,768
f09bbceece7be738,data/cache/sid/train/f09bbceece7be738__ff4a28f62f.png,train,0,0,1024,683
6869cd0b831c0196,data/cache/sid/train/6869cd0b831c0196__36961c7f9e.png,train,0,0,1024,768
d4d7e9da6cab1ec4,data/cache/sid/train/d4d7e9da6cab1ec4__911517b114.png,train,0,0,768,1024
full_synthetic_052412,data/cache/sid/train/full_synthetic_052412__03c029d053.png,train,1,1,1024,1024
7b22a84656f4e89b,data/cache/sid/train/7b22a84656f4e89b__6d068b5efc.png,train,0,0,1024,683
full_synthetic_031301,data/cache/sid/train/full_synthetic_031301__50ae461bb9.png,train,1,1,1024,1024
6d9951ce1b9bd1b3,data/cache/sid/train/6d9951ce1b9bd1b3__754c6f8aba.png,train,0,0,576,1024
6bdbdb1681dcb465,data/cache/sid/train/6bdbdb1681dcb465__da2ef12cbb.png,train,0,0,1024,619
492ca381670ff8be,data/cache/sid/train/492ca381670ff8be__a202c65bc6.png,train,0,0,683,1024
1f5e460f07a416aa,data/cache/sid/train/1f5e460f07a416aa__fe8ac064a5.png,train,0,0,1024,683
1c442b1407195461,data/cache/sid/train/1c442b1407195461__8c67f664b6.png,train,0,0,1024,724
full_synthetic_050412,data/cache/sid/train/full_synthetic_050412__4c4faeefbf.png,train,1,1,1024,1024
full_synthetic_039741,data/cache/sid/train/full_synthetic_039741__7c72a5503b.png,train,1,1,1024,1024
d33c0a9c6655a77e,data/cache/sid/train/d33c0a9c6655a77e__4a9c06cf98.png,train,0,0,887,1024
f5723b9cf9b24728,data/cache/sid/train/f5723b9cf9b24728__be90ad3c85.png,train,0,0,1024,768
full_synthetic_052106,data/cache/sid/train/full_synthetic_052106__ed21051ed4.png,train,1,1,1024,1024
full_synthetic_004498,data/cache/sid/train/full_synthetic_004498__ab3f120189.png,train,1,1,1024,1024
b28a4d0a3e142086,data/cache/sid/train/b28a4d0a3e142086__daecc9bff0.png,train,0,0,1024,690
6a89e3055070217a,data/cache/sid/train/6a89e3055070217a__82b4bd2d04.png,train,0,0,1024,684
full_synthetic_061599,data/cache/sid/train/full_synthetic_061599__52c6fc6952.png,train,1,1,1024,1024
full_synthetic_066833,data/cache/sid/train/full_synthetic_066833__461bdea8f9.png,train,1,1,1024,1024
f2980047b2fad83c,data/cache/sid/train/f2980047b2fad83c__b14cb141b4.png,train,0,0,1024,1024
full_synthetic_054116,data/cache/sid/train/full_synthetic_054116__dedfa9b1e5.png,train,1,1,1024,1024
full_synthetic_067110,data/cache/sid/train/full_synthetic_067110__896795ecb2.png,train,1,1,1024,1024
f26d0c44d3ce1471,data/cache/sid/train/f26d0c44d3ce1471__43be70f684.png,train,0,0,683,1024
full_synthetic_015555,data/cache/sid/train/full_synthetic_015555__0bb872eda3.png,train,1,1,1024,1024
3592bf3eba1067da,data/cache/sid/train/3592bf3eba1067da__0a5f544c9a.png,train,0,0,1024,768
full_synthetic_058271,data/cache/sid/train/full_synthetic_058271__f691cf52c8.png,train,1,1,1024,1024
1a29f33f841d75a8,data/cache/sid/train/1a29f33f841d75a8__3bcf2e16d6.png,train,0,0,1024,768
b6d3fbc96899f368,data/cache/sid/train/b6d3fbc96899f368__db9e2cb6c0.png,train,0,0,1024,685
full_synthetic_033016,data/cache/sid/train/full_synthetic_033016__d9ff65c9b0.png,train,1,1,1024,1024
54459af81e2932d0,data/cache/sid/train/54459af81e2932d0__564e26f93f.png,train,0,0,1024,683
d529b3e6306d841d,data/cache/sid/train/d529b3e6306d841d__82d92fcb45.png,train,0,0,683,1024
full_synthetic_020035,data/cache/sid/train/full_synthetic_020035__ccd766e69b.png,train,1,1,1024,1024
full_synthetic_000689,data/cache/sid/train/full_synthetic_000689__f466b5967b.png,train,1,1,1024,1024
full_synthetic_064390,data/cache/sid/train/full_synthetic_064390__7b1100ab18.png,train,1,1,1024,1024
ee6c5397c57f08f8,data/cache/sid/train/ee6c5397c57f08f8__19a80cae10.png,train,0,0,768,1024
33d59ae94395db69,data/cache/sid/train/33d59ae94395db69__923f067096.png,train,0,0,1024,768
7a99abea96db51d5,data/cache/sid/train/7a99abea96db51d5__600f54ceac.png,train,0,0,1013,1024
full_synthetic_000853,data/cache/sid/train/full_synthetic_000853__d79a67fa25.png,train,1,1,1024,1024
a135e2b3496fff23,data/cache/sid/train/a135e2b3496fff23__8428ae3eeb.png,train,0,0,576,1024
40c65f92012b1252,data/cache/sid/train/40c65f92012b1252__aa048c1942.png,train,0,0,1024,683
full_synthetic_032973,data/cache/sid/train/full_synthetic_032973__39c1c16893.png,train,1,1,1024,1024
d1ea680dc821ab2c,data/cache/sid/train/d1ea680dc821ab2c__e52e34fa3b.png,train,0,0,681,1024
abe5b04fe8483fbc,data/cache/sid/train/abe5b04fe8483fbc__1294174e34.png,train,0,0,1024,681
full_synthetic_056194,data/cache/sid/train/full_synthetic_056194__1a7b451501.png,train,1,1,1024,1024
full_synthetic_026225,data/cache/sid/train/full_synthetic_026225__e20b405296.png,train,1,1,1024,1024
02883b8fef974c57,data/cache/sid/train/02883b8fef974c57__d1ac83480f.png,train,0,0,1024,685
full_synthetic_067034,data/cache/sid/train/full_synthetic_067034__5bbcd5caea.png,train,1,1,1024,1024
abd7db459393a524,data/cache/sid/train/abd7db459393a524__bf531f8f66.png,train,0,0,1024,737
1960f7d4f6c144fd,data/cache/sid/train/1960f7d4f6c144fd__94e4dadca0.png,train,0,0,1024,768
full_synthetic_032316,data/cache/sid/train/full_synthetic_032316__ae9da72f0c.png,train,1,1,1024,1024
8188c09e4803f871,data/cache/sid/train/8188c09e4803f871__6bff18053a.png,train,0,0,1024,685
full_synthetic_002206,data/cache/sid/train/full_synthetic_002206__b6b1de2b50.png,train,1,1,1024,1024
c785b82e33292bf0,data/cache/sid/train/c785b82e33292bf0__825c147850.png,train,0,0,1024,768
8d151844faf9e93a,data/cache/sid/train/8d151844faf9e93a__c09d3494aa.png,train,0,0,1024,682
6c3896cbba8f5665,data/cache/sid/train/6c3896cbba8f5665__4a3a51a2c9.png,train,0,0,1024,768
full_synthetic_057113,data/cache/sid/train/full_synthetic_057113__254e57fdda.png,train,1,1,1024,1024
full_synthetic_043717,data/cache/sid/train/full_synthetic_043717__9a35643b9e.png,train,1,1,1024,1024
96d9c52265d24345,data/cache/sid/train/96d9c52265d24345__2bcf6c8295.png,train,0,0,1024,682
full_synthetic_061285,data/cache/sid/train/full_synthetic_061285__7f660c47a5.png,train,1,1,1024,1024
3059b3cc8f9f5bf0,data/cache/sid/train/3059b3cc8f9f5bf0__e4c832e930.png,train,0,0,1024,773
full_synthetic_016236,data/cache/sid/train/full_synthetic_016236__7919dafec8.png,train,1,1,1024,1024
full_synthetic_010420,data/cache/sid/train/full_synthetic_010420__d2b67e87f9.png,train,1,1,1024,1024
002794e455e3a3b4,data/cache/sid/train/002794e455e3a3b4__43017742a4.png,train,0,0,1024,683
full_synthetic_061334,data/cache/sid/train/full_synthetic_061334__2f21743dbb.png,train,1,1,1024,1024
full_synthetic_039972,data/cache/sid/train/full_synthetic_039972__5802d3c5e7.png,train,1,1,1024,1024
full_synthetic_055513,data/cache/sid/train/full_synthetic_055513__1b38753ff1.png,train,1,1,1024,1024
full_synthetic_032376,data/cache/sid/train/full_synthetic_032376__18dac26a8f.png,train,1,1,1024,1024
db617794654f570f,data/cache/sid/train/db617794654f570f__7fc6d394a5.png,train,0,0,685,1024
6964c146bf4b954e,data/cache/sid/train/6964c146bf4b954e__7968170d23.png,train,0,0,683,1024
full_synthetic_069811,data/cache/sid/train/full_synthetic_069811__dd61199ed3.png,train,1,1,1024,1024
full_synthetic_017445,data/cache/sid/train/full_synthetic_017445__3416750053.png,train,1,1,1024,1024
full_synthetic_052509,data/cache/sid/train/full_synthetic_052509__25263e71b5.png,train,1,1,1024,1024
fc9bdf011bc20157,data/cache/sid/train/fc9bdf011bc20157__c1576c92b5.png,train,0,0,1024,683
full_synthetic_047989,data/cache/sid/train/full_synthetic_047989__e27ae508e9.png,train,1,1,1024,1024
full_synthetic_001245,data/cache/sid/train/full_synthetic_001245__993638802d.png,train,1,1,1024,1024
07927471ed180fbc,data/cache/sid/train/07927471ed180fbc__f78625e1e7.png,train,0,0,1024,581
full_synthetic_002363,data/cache/sid/train/full_synthetic_002363__46377ee000.png,train,1,1,1024,1024
bf17c95f1fd8a2aa,data/cache/sid/train/bf17c95f1fd8a2aa__abc357860e.png,train,0,0,1024,768
6d6e3fe7db0e5ccf,data/cache/sid/train/6d6e3fe7db0e5ccf__328403a0bc.png,train,0,0,1024,683
0ab73717cd9cee60,data/cache/sid/train/0ab73717cd9cee60__f527876b31.png,train,0,0,1024,678
9c5cce1c8256de81,data/cache/sid/train/9c5cce1c8256de81__714159add2.png,train,0,0,1024,768
6e7c8ef68a37e2da,data/cache/sid/train/6e7c8ef68a37e2da__000c548de8.png,train,0,0,1024,683
full_synthetic_068875,data/cache/sid/train/full_synthetic_068875__ae814ac95d.png,train,1,1,1024,1024
a8ea043f95f98e62,data/cache/sid/train/a8ea043f95f98e62__65690cb9c1.png,train,0,0,1024,768
full_synthetic_001716,data/cache/sid/train/full_synthetic_001716__ac303f4b00.png,train,1,1,1024,1024
aa9a2b3f5058e67f,data/cache/sid/train/aa9a2b3f5058e67f__b574a30bcf.png,train,0,0,1024,681
bfca4cba6727fd3e,data/cache/sid/train/bfca4cba6727fd3e__19c2ef68e0.png,train,0,0,768,1024
5470dbff60322302,data/cache/sid/train/5470dbff60322302__9ca7e55ad8.png,train,0,0,1024,1024
fb1acccabe2ad3b1,data/cache/sid/train/fb1acccabe2ad3b1__30893a6929.png,train,0,0,683,1024
f6bac7aba4b3016b,data/cache/sid/train/f6bac7aba4b3016b__17c4965a6b.png,train,0,0,1024,1024
4f9e4ab37f1e7c9f,data/cache/sid/train/4f9e4ab37f1e7c9f__eb94935e77.png,train,0,0,1024,683
07055074225764fa,data/cache/sid/train/07055074225764fa__12adf49956.png,train,0,0,1024,768
521012c2016c7187,data/cache/sid/train/521012c2016c7187__1b56217985.png,train,0,0,1024,681
full_synthetic_007436,data/cache/sid/train/full_synthetic_007436__5f2c2006fe.png,train,1,1,1024,1024
full_synthetic_013571,data/cache/sid/train/full_synthetic_013571__abd08a2544.png,train,1,1,1024,1024
full_synthetic_060133,data/cache/sid/train/full_synthetic_060133__08c09c367d.png,train,1,1,1024,1024
full_synthetic_058546,data/cache/sid/train/full_synthetic_058546__43f2184a78.png,train,1,1,1024,1024
8252b1f200c30416,data/cache/sid/train/8252b1f200c30416__9b9a4d32ad.png,train,0,0,1024,768
a800ac0637acbbe0,data/cache/sid/train/a800ac0637acbbe0__c24c8c5412.png,train,0,0,1024,683
92e5567759ce4dfb,data/cache/sid/train/92e5567759ce4dfb__7868bccb50.png,train,0,0,1024,682
1baeb17039a7e39b,data/cache/sid/train/1baeb17039a7e39b__2d424ffa9e.png,train,0,0,1024,683
full_synthetic_061162,data/cache/sid/train/full_synthetic_061162__bd193e93b2.png,train,1,1,1024,1024
full_synthetic_025644,data/cache/sid/train/full_synthetic_025644__ad2300bb1c.png,train,1,1,1024,1024
full_synthetic_038053,data/cache/sid/train/full_synthetic_038053__c7e69a26a9.png,train,1,1,1024,1024
471f07c9441127aa,data/cache/sid/train/471f07c9441127aa__320035542a.png,train,0,0,680,1024
full_synthetic_035142,data/cache/sid/train/full_synthetic_035142__d0637a22bd.png,train,1,1,1024,1024
full_synthetic_022796,data/cache/sid/train/full_synthetic_022796__c4f3fceaa6.png,train,1,1,1024,1024
full_synthetic_014095,data/cache/sid/train/full_synthetic_014095__d58ab2e75a.png,train,1,1,1024,1024
b3c75adbe8d3c948,data/cache/sid/train/b3c75adbe8d3c948__46b540d33e.png,train,0,0,1024,683
66c4ff817c9801cb,data/cache/sid/train/66c4ff817c9801cb__798764da75.png,train,0,0,722,1024
full_synthetic_052932,data/cache/sid/train/full_synthetic_052932__6b3f8ebbe6.png,train,1,1,1024,1024
6b146699ca90f347,data/cache/sid/train/6b146699ca90f347__55fce12b0c.png,train,0,0,1024,875
07085395f68a74c2,data/cache/sid/train/07085395f68a74c2__974b5fb454.png,train,0,0,683,1024
115348eee61c4992,data/cache/sid/train/115348eee61c4992__ba451e4b33.png,train,0,0,1024,760
full_synthetic_021054,data/cache/sid/train/full_synthetic_021054__1eeac0b2cf.png,train,1,1,1024,1024
bec5525b110a981e,data/cache/sid/train/bec5525b110a981e__bf6e35399e.png,train,0,0,1024,663
f859f9bb8cafc317,data/cache/sid/train/f859f9bb8cafc317__c729b29977.png,train,0,0,1024,683
dccce01556a318d0,data/cache/sid/train/dccce01556a318d0__0606c4457e.png,train,0,0,1002,1024
ae3a83ddabdacfff,data/cache/sid/train/ae3a83ddabdacfff__be9f48c137.png,train,0,0,1024,683
ad48e1067e7d0cc3,data/cache/sid/train/ad48e1067e7d0cc3__17686a6bc6.png,train,0,0,1024,487
full_synthetic_026226,data/cache/sid/train/full_synthetic_026226__4b8c8d30bd.png,train,1,1,1024,1024
full_synthetic_058000,data/cache/sid/train/full_synthetic_058000__2a3a8667ab.png,train,1,1,1024,1024
37e6c86600c9cec5,data/cache/sid/train/37e6c86600c9cec5__883b94913c.png,train,0,0,683,1024
11a1debe76d82955,data/cache/sid/train/11a1debe76d82955__db0c762adc.png,train,0,0,1024,654
966db06fd2730625,data/cache/sid/train/966db06fd2730625__1721eb3725.png,train,0,0,765,1024
full_synthetic_045226,data/cache/sid/train/full_synthetic_045226__3c90b49c23.png,train,1,1,1024,1024
ba5d7e95ed778763,data/cache/sid/train/ba5d7e95ed778763__d96180f926.png,train,0,0,1024,768
full_synthetic_036731,data/cache/sid/train/full_synthetic_036731__508574cb6f.png,train,1,1,1024,1024
790876ff17e01fa4,data/cache/sid/train/790876ff17e01fa4__e995b3d3df.png,train,0,0,1024,768
994bcaf628846785,data/cache/sid/train/994bcaf628846785__f8526de361.png,train,0,0,1024,683
full_synthetic_035746,data/cache/sid/train/full_synthetic_035746__dc9282e4e4.png,train,1,1,1024,1024
full_synthetic_001564,data/cache/sid/train/full_synthetic_001564__e5c4a79077.png,train,1,1,1024,1024
full_synthetic_046167,data/cache/sid/train/full_synthetic_046167__14928c9696.png,train,1,1,1024,1024
full_synthetic_054495,data/cache/sid/train/full_synthetic_054495__7a2e56fa86.png,train,1,1,1024,1024
full_synthetic_062389,data/cache/sid/train/full_synthetic_062389__82655daea5.png,train,1,1,1024,1024
full_synthetic_037293,data/cache/sid/train/full_synthetic_037293__588648fd50.png,train,1,1,1024,1024
full_synthetic_014584,data/cache/sid/train/full_synthetic_014584__c4657da0c3.png,train,1,1,1024,1024
720505b9a2d1e6a6,data/cache/sid/train/720505b9a2d1e6a6__98966a9998.png,train,0,0,1024,681
3f668f838d152aad,data/cache/sid/train/3f668f838d152aad__0d87b95b49.png,train,0,0,1024,683
full_synthetic_066302,data/cache/sid/train/full_synthetic_066302__c702618201.png,train,1,1,1024,1024
full_synthetic_067699,data/cache/sid/train/full_synthetic_067699__d48e62372b.png,train,1,1,1024,1024
full_synthetic_055181,data/cache/sid/train/full_synthetic_055181__6e16ac3764.png,train,1,1,1024,1024
full_synthetic_048779,data/cache/sid/train/full_synthetic_048779__1b282cac8a.png,train,1,1,1024,1024
full_synthetic_042896,data/cache/sid/train/full_synthetic_042896__13f0fe9aa2.png,train,1,1,1024,1024
0f3de3e5b6d73022,data/cache/sid/train/0f3de3e5b6d73022__ff5aad3488.png,train,0,0,1024,768
full_synthetic_025726,data/cache/sid/train/full_synthetic_025726__44a03113f4.png,train,1,1,1024,1024
ee421d9040dea031,data/cache/sid/train/ee421d9040dea031__341d6bc7d7.png,train,0,0,1024,576
full_synthetic_062524,data/cache/sid/train/full_synthetic_062524__d0af01793a.png,train,1,1,1024,1024
full_synthetic_066138,data/cache/sid/train/full_synthetic_066138__d92dcb9ffd.png,train,1,1,1024,1024
full_synthetic_013255,data/cache/sid/train/full_synthetic_013255__5741a29a5f.png,train,1,1,1024,1024
368eb1e2877af08d,data/cache/sid/train/368eb1e2877af08d__e964d78bb0.png,train,0,0,683,1024
full_synthetic_032739,data/cache/sid/train/full_synthetic_032739__33347afb05.png,train,1,1,1024,1024
full_synthetic_013554,data/cache/sid/train/full_synthetic_013554__c5f7d8c1d0.png,train,1,1,1024,1024
full_synthetic_000365,data/cache/sid/train/full_synthetic_000365__729c65482a.png,train,1,1,1024,1024
656b5baea89e083d,data/cache/sid/train/656b5baea89e083d__8d6daa1fb0.png,train,0,0,1024,681
full_synthetic_009729,data/cache/sid/train/full_synthetic_009729__3b78d8de51.png,train,1,1,1024,1024
7675fe3db15d8ef5,data/cache/sid/train/7675fe3db15d8ef5__f331bd97f3.png,train,0,0,1024,680
full_synthetic_012037,data/cache/sid/train/full_synthetic_012037__2e186195da.png,train,1,1,1024,1024
9b676e39b8ad03a6,data/cache/sid/train/9b676e39b8ad03a6__8be074e058.png,train,0,0,1024,683
full_synthetic_012208,data/cache/sid/train/full_synthetic_012208__8c78fb8234.png,train,1,1,1024,1024
0aed0e968064127a,data/cache/sid/train/0aed0e968064127a__a35b6b2412.png,train,0,0,1024,513
full_synthetic_052987,data/cache/sid/train/full_synthetic_052987__e75e0bedd6.png,train,1,1,1024,1024
full_synthetic_023349,data/cache/sid/train/full_synthetic_023349__78fd8a1ea2.png,train,1,1,1024,1024
full_synthetic_008179,data/cache/sid/train/full_synthetic_008179__773481b9cc.png,train,1,1,1024,1024
7721cffeb977942a,data/cache/sid/train/7721cffeb977942a__1aa0445b09.png,train,0,0,1024,683
full_synthetic_051707,data/cache/sid/train/full_synthetic_051707__b316dbeac7.png,train,1,1,1024,1024
full_synthetic_005214,data/cache/sid/train/full_synthetic_005214__84ca09a07d.png,train,1,1,1024,1024
b680eced9edcee52,data/cache/sid/train/b680eced9edcee52__330e62240a.png,train,0,0,1024,594
full_synthetic_040884,data/cache/sid/train/full_synthetic_040884__92ad157708.png,train,1,1,1024,1024
2f60d459565fc8a8,data/cache/sid/train/2f60d459565fc8a8__fdead8488f.png,train,0,0,1024,768
305077ce6b5d0b98,data/cache/sid/train/305077ce6b5d0b98__644a23067e.png,train,0,0,1024,1024
full_synthetic_062897,data/cache/sid/train/full_synthetic_062897__0616b41653.png,train,1,1,1024,1024
full_synthetic_038548,data/cache/sid/train/full_synthetic_038548__b90104d97e.png,train,1,1,1024,1024
b56e2bc6fe59d06a,data/cache/sid/train/b56e2bc6fe59d06a__30bd124000.png,train,0,0,686,1024
b7a8fa398c81a799,data/cache/sid/train/b7a8fa398c81a799__ed7cf3eef2.png,train,0,0,1024,584
bb274a767729e110,data/cache/sid/train/bb274a767729e110__c676a5071c.png,train,0,0,1024,1024
29e43306b03adb29,data/cache/sid/train/29e43306b03adb29__13666bf56f.png,train,0,0,674,1024
full_synthetic_040065,data/cache/sid/train/full_synthetic_040065__2a2a915d16.png,train,1,1,1024,1024
0b2cdd096c547295,data/cache/sid/train/0b2cdd096c547295__e443cc9780.png,train,0,0,1024,481
full_synthetic_024569,data/cache/sid/train/full_synthetic_024569__7475ac8150.png,train,1,1,1024,1024
a380ddc62a8196aa,data/cache/sid/train/a380ddc62a8196aa__fd10e110d6.png,train,0,0,1024,768
07465a808ae51f9f,data/cache/sid/train/07465a808ae51f9f__cf5d3306d2.png,train,0,0,1024,768
2f414454835bceac,data/cache/sid/train/2f414454835bceac__bda3b5bee7.png,train,0,0,1024,768
2bff30bf6b8117c6,data/cache/sid/train/2bff30bf6b8117c6__1e7a58583d.png,train,0,0,1024,811
e1ab29d52785a944,data/cache/sid/train/e1ab29d52785a944__d80c0636bd.png,train,0,0,1024,685
full_synthetic_050989,data/cache/sid/train/full_synthetic_050989__ca0710ad65.png,train,1,1,1024,1024
fd8818ef75c6926d,data/cache/sid/train/fd8818ef75c6926d__2f8d370b16.png,train,0,0,1024,680
0ed30c1252c1f5e5,data/cache/sid/train/0ed30c1252c1f5e5__db1ff04058.png,train,0,0,1024,768
full_synthetic_017582,data/cache/sid/train/full_synthetic_017582__7b7167c2bd.png,train,1,1,1024,1024
b6f52712a0d5028f,data/cache/sid/train/b6f52712a0d5028f__2a17170f32.png,train,0,0,1024,683
dc2de14ed59812bf,data/cache/sid/train/dc2de14ed59812bf__0339deb575.png,train,0,0,1024,675
13825baad5531265,data/cache/sid/train/13825baad5531265__c5f1636ff8.png,train,0,0,1016,1024
84320f6007af6a60,data/cache/sid/train/84320f6007af6a60__8ca8500463.png,train,0,0,1024,768
d215e3505887d9ab,data/cache/sid/train/d215e3505887d9ab__4b3e191fc1.png,train,0,0,1024,768
1ae98615cccfbc4a,data/cache/sid/train/1ae98615cccfbc4a__8caa608172.png,train,0,0,683,1024
07b204736134802e,data/cache/sid/train/07b204736134802e__0487b390b9.png,train,0,0,1024,683
full_synthetic_021902,data/cache/sid/train/full_synthetic_021902__0d98853b00.png,train,1,1,1024,1024
full_synthetic_031152,data/cache/sid/train/full_synthetic_031152__9b5463e9a1.png,train,1,1,1024,1024
82ef7eb503c95954,data/cache/sid/train/82ef7eb503c95954__2e6a09bdf6.png,train,0,0,1024,683
6390d7d2baeeab25,data/cache/sid/train/6390d7d2baeeab25__8ae9a6eb86.png,train,0,0,1024,768
full_synthetic_044822,data/cache/sid/train/full_synthetic_044822__d3d7795145.png,train,1,1,1024,1024
a05e1e27c0c87a34,data/cache/sid/train/a05e1e27c0c87a34__a5a54b4b61.png,train,0,0,1024,768
full_synthetic_005999,data/cache/sid/train/full_synthetic_005999__0e1b6e9ec5.png,train,1,1,1024,1024
full_synthetic_055040,data/cache/sid/train/full_synthetic_055040__96e05b6d94.png,train,1,1,1024,1024
30c180abf1c1480b,data/cache/sid/train/30c180abf1c1480b__a03cc8f686.png,train,0,0,1024,1024
full_synthetic_030525,data/cache/sid/train/full_synthetic_030525__d84086a1d3.png,train,1,1,1024,1024
f2ee374bef1d6c7d,data/cache/sid/train/f2ee374bef1d6c7d__fd3d1c77b0.png,train,0,0,1024,768
9ba9d24a56957237,data/cache/sid/train/9ba9d24a56957237__0fde801523.png,train,0,0,1024,670
full_synthetic_052804,data/cache/sid/train/full_synthetic_052804__b057b91f94.png,train,1,1,1024,1024
9ee2ebadec94b88c,data/cache/sid/train/9ee2ebadec94b88c__33a9ef19e2.png,train,0,0,1024,768
f1db86c9cdf9710f,data/cache/sid/train/f1db86c9cdf9710f__da8a0c5647.png,train,0,0,1024,681
full_synthetic_029859,data/cache/sid/train/full_synthetic_029859__0a8d72937f.png,train,1,1,1024,1024
6c7d5b0c6e59d1d3,data/cache/sid/train/6c7d5b0c6e59d1d3__117d04ad0d.png,train,0,0,1024,768
full_synthetic_017467,data/cache/sid/train/full_synthetic_017467__66177f6370.png,train,1,1,1024,1024
full_synthetic_026561,data/cache/sid/train/full_synthetic_026561__a1b64e448e.png,train,1,1,1024,1024
full_synthetic_013486,data/cache/sid/train/full_synthetic_013486__f24f214562.png,train,1,1,1024,1024
full_synthetic_028741,data/cache/sid/train/full_synthetic_028741__76a804cc2c.png,train,1,1,1024,1024
7493a22f472ffb1a,data/cache/sid/train/7493a22f472ffb1a__f7c1cfcbc4.png,train,0,0,1024,1019
full_synthetic_026459,data/cache/sid/train/full_synthetic_026459__dabc0c1238.png,train,1,1,1024,1024
06918334782027eb,data/cache/sid/train/06918334782027eb__ee74d82601.png,train,0,0,1024,680
full_synthetic_030589,data/cache/sid/train/full_synthetic_030589__5365062b89.png,train,1,1,1024,1024
c67a35e5380f59e2,data/cache/sid/train/c67a35e5380f59e2__b4e8915153.png,train,0,0,684,1024
full_synthetic_003515,data/cache/sid/train/full_synthetic_003515__f82f22d97c.png,train,1,1,1024,1024
full_synthetic_042929,data/cache/sid/train/full_synthetic_042929__75608483f5.png,train,1,1,1024,1024
full_synthetic_024971,data/cache/sid/train/full_synthetic_024971__fbdf6e0901.png,train,1,1,1024,1024
full_synthetic_006303,data/cache/sid/train/full_synthetic_006303__8c42abf8e8.png,train,1,1,1024,1024
f95c65000da771f6,data/cache/sid/train/f95c65000da771f6__4f9a77cfe0.png,train,0,0,1024,550
63a11e8b8ca5d00b,data/cache/sid/train/63a11e8b8ca5d00b__ffd03f361b.png,train,0,0,683,1024
72fb8bd96ca4741e,data/cache/sid/train/72fb8bd96ca4741e__5795d289c9.png,train,0,0,964,1024
full_synthetic_051706,data/cache/sid/train/full_synthetic_051706__137cd68aa1.png,train,1,1,1024,1024
full_synthetic_043353,data/cache/sid/train/full_synthetic_043353__85ec5a1fee.png,train,1,1,1024,1024
full_synthetic_063933,data/cache/sid/train/full_synthetic_063933__700a901c18.png,train,1,1,1024,1024
86549d50f94e2737,data/cache/sid/train/86549d50f94e2737__140e1bf3a7.png,train,0,0,1024,680
ceb1b5d907728e2a,data/cache/sid/train/ceb1b5d907728e2a__bf03048c58.png,train,0,0,768,1024
ae6c5f9800a259b6,data/cache/sid/train/ae6c5f9800a259b6__fdd65f86af.png,train,0,0,1024,682
full_synthetic_022823,data/cache/sid/train/full_synthetic_022823__916261b654.png,train,1,1,1024,1024
full_synthetic_004592,data/cache/sid/train/full_synthetic_004592__79ffb9e9ee.png,train,1,1,1024,1024
64c313066cce30d5,data/cache/sid/train/64c313066cce30d5__3bac3adf54.png,train,0,0,1024,682
full_synthetic_035291,data/cache/sid/train/full_synthetic_035291__386a1966e6.png,train,1,1,1024,1024
full_synthetic_067742,data/cache/sid/train/full_synthetic_067742__4ce0915b96.png,train,1,1,1024,1024
bd83bfcf7baa098c,data/cache/sid/train/bd83bfcf7baa098c__9b7303a53f.png,train,0,0,1024,683
38cd32a1355f5afe,data/cache/sid/train/38cd32a1355f5afe__b940f541db.png,train,0,0,1024,982
full_synthetic_064461,data/cache/sid/train/full_synthetic_064461__aace6e4be4.png,train,1,1,1024,1024
fee14f2aa1543993,data/cache/sid/train/fee14f2aa1543993__7619b15d81.png,train,0,0,1024,768
60be24c584d04165,data/cache/sid/train/60be24c584d04165__3bb10c177c.png,train,0,0,1024,803
2f439596a1029f64,data/cache/sid/train/2f439596a1029f64__10b86f05e6.png,train,0,0,1024,683
ac49362d08577b58,data/cache/sid/train/ac49362d08577b58__ff83f5b31e.png,train,0,0,1024,710
full_synthetic_067704,data/cache/sid/train/full_synthetic_067704__266cb02d05.png,train,1,1,1024,1024
8adb7b50ef73bbce,data/cache/sid/train/8adb7b50ef73bbce__b8f9ac9532.png,train,0,0,1024,683
full_synthetic_015299,data/cache/sid/train/full_synthetic_015299__d864361e08.png,train,1,1,1024,1024
c9a520bbf569c2ee,data/cache/sid/train/c9a520bbf569c2ee__92afaae9bd.png,train,0,0,1024,683
full_synthetic_041722,data/cache/sid/train/full_synthetic_041722__61f4a1f593.png,train,1,1,1024,1024
full_synthetic_000898,data/cache/sid/train/full_synthetic_000898__39c651dc21.png,train,1,1,1024,1024
031ea84f7a2ffb81,data/cache/sid/train/031ea84f7a2ffb81__f8119e24a5.png,train,0,0,1024,1024
full_synthetic_013543,data/cache/sid/train/full_synthetic_013543__ed961507b1.png,train,1,1,1024,1024
full_synthetic_038817,data/cache/sid/train/full_synthetic_038817__9af392d4ed.png,train,1,1,1024,1024
0be4b3b12d2ad5be,data/cache/sid/train/0be4b3b12d2ad5be__28ee145ecd.png,train,0,0,1024,1024
66f34cdf8726e52a,data/cache/sid/train/66f34cdf8726e52a__cc3d4932e9.png,train,0,0,768,1024
full_synthetic_023981,data/cache/sid/train/full_synthetic_023981__0b5a71a004.png,train,1,1,1024,1024
full_synthetic_067030,data/cache/sid/train/full_synthetic_067030__9154b1052a.png,train,1,1,1024,1024
e1084a72acd8ca98,data/cache/sid/train/e1084a72acd8ca98__d1c9cfeb0b.png,train,0,0,676,1024
50e0ed74e4058e61,data/cache/sid/train/50e0ed74e4058e61__23bf53c4ab.png,train,0,0,1024,681
full_synthetic_062923,data/cache/sid/train/full_synthetic_062923__4a46011443.png,train,1,1,1024,1024
full_synthetic_006709,data/cache/sid/train/full_synthetic_006709__8a8b3a4889.png,train,1,1,1024,1024
910f33c8ecaa68be,data/cache/sid/train/910f33c8ecaa68be__41ee14e36d.png,train,0,0,1024,683
5c062613de8cdc96,data/cache/sid/train/5c062613de8cdc96__18994e360e.png,train,0,0,1024,680
7c3ecdede60435f3,data/cache/sid/train/7c3ecdede60435f3__d4dae9ee27.png,train,0,0,1024,768
full_synthetic_015102,data/cache/sid/train/full_synthetic_015102__6c1c8fcb15.png,train,1,1,1024,1024
full_synthetic_054895,data/cache/sid/train/full_synthetic_054895__465788af64.png,train,1,1,1024,1024
full_synthetic_069795,data/cache/sid/train/full_synthetic_069795__7950bb075b.png,train,1,1,1024,1024
79f6aa869b6f7f8c,data/cache/sid/train/79f6aa869b6f7f8c__bb7b164480.png,train,0,0,1024,683
fe58234602267a48,data/cache/sid/train/fe58234602267a48__ea53d4386b.png,train,0,0,1024,683
574e89c9380672b9,data/cache/sid/train/574e89c9380672b9__df8d304318.png,train,0,0,1024,683
4b80d277b1097aec,data/cache/sid/train/4b80d277b1097aec__d2b130ad12.png,train,0,0,678,1024
full_synthetic_008034,data/cache/sid/train/full_synthetic_008034__24b5e7aedf.png,train,1,1,1024,1024
full_synthetic_034210,data/cache/sid/train/full_synthetic_034210__45d7911b1c.png,train,1,1,1024,1024
full_synthetic_005083,data/cache/sid/train/full_synthetic_005083__924921e7f8.png,train,1,1,1024,1024
4c646d51fe453317,data/cache/sid/train/4c646d51fe453317__72f1509bac.png,train,0,0,567,1024
full_synthetic_016097,data/cache/sid/train/full_synthetic_016097__b3db570e74.png,train,1,1,1024,1024
c9ff41b55d98bf7c,data/cache/sid/train/c9ff41b55d98bf7c__dd14838fe5.png,train,0,0,683,1024
full_synthetic_064452,data/cache/sid/train/full_synthetic_064452__994a3c7606.png,train,1,1,1024,1024
89dc8de831369657,data/cache/sid/train/89dc8de831369657__db301003a2.png,train,0,0,1024,682
a7a949432034315d,data/cache/sid/train/a7a949432034315d__8a35ae154b.png,train,0,0,681,1024
full_synthetic_025219,data/cache/sid/train/full_synthetic_025219__3244335f89.png,train,1,1,1024,1024
full_synthetic_001328,data/cache/sid/train/full_synthetic_001328__51c1501409.png,train,1,1,1024,1024
full_synthetic_017681,data/cache/sid/train/full_synthetic_017681__7c96461aa9.png,train,1,1,1024,1024
full_synthetic_014350,data/cache/sid/train/full_synthetic_014350__8493ca553b.png,train,1,1,1024,1024
1232d33ab4cfd19f,data/cache/sid/train/1232d33ab4cfd19f__76abe5322f.png,train,0,0,1024,683
full_synthetic_048283,data/cache/sid/train/full_synthetic_048283__57483e343b.png,train,1,1,1024,1024
full_synthetic_066741,data/cache/sid/train/full_synthetic_066741__18ed40140e.png,train,1,1,1024,1024
df26be654ff40bcc,data/cache/sid/train/df26be654ff40bcc__bd07d39d2a.png,train,0,0,1024,690
5438c4ffef84ea15,data/cache/sid/train/5438c4ffef84ea15__546ef92ba1.png,train,0,0,1024,680
full_synthetic_066060,data/cache/sid/train/full_synthetic_066060__73889db839.png,train,1,1,1024,1024
0753a0db10bd2852,data/cache/sid/train/0753a0db10bd2852__bf64da0449.png,train,0,0,768,1024
e5c1f534efe366d4,data/cache/sid/train/e5c1f534efe366d4__dd03ffaa99.png,train,0,0,1024,683
b90f9fe97932d08d,data/cache/sid/train/b90f9fe97932d08d__7b958ccc24.png,train,0,0,1024,768
full_synthetic_007258,data/cache/sid/train/full_synthetic_007258__c8db404585.png,train,1,1,1024,1024
edeec151e833919e,data/cache/sid/train/edeec151e833919e__1aa813651e.png,train,0,0,1024,768
full_synthetic_052746,data/cache/sid/train/full_synthetic_052746__1ce3539194.png,train,1,1,1024,1024
full_synthetic_021074,data/cache/sid/train/full_synthetic_021074__db65e10ab0.png,train,1,1,1024,1024
c85b8e5f13f24d5d,data/cache/sid/train/c85b8e5f13f24d5d__5da90ac8c8.png,train,0,0,1024,683
12559d64de8a9be4,data/cache/sid/train/12559d64de8a9be4__756f5ab42e.png,train,0,0,683,1024
full_synthetic_055560,data/cache/sid/train/full_synthetic_055560__cd98eae564.png,train,1,1,1024,1024
540fbdcd83cbb804,data/cache/sid/train/540fbdcd83cbb804__f18c977874.png,train,0,0,1024,683
61ed518804e7424c,data/cache/sid/train/61ed518804e7424c__6d993a29c8.png,train,0,0,1024,768
full_synthetic_052115,data/cache/sid/train/full_synthetic_052115__83df4351f7.png,train,1,1,1024,1024
full_synthetic_003473,data/cache/sid/train/full_synthetic_003473__ecd3bb4e28.png,train,1,1,1024,1024
full_synthetic_066508,data/cache/sid/train/full_synthetic_066508__813ba08b14.png,train,1,1,1024,1024
7e38aee9fa06b13c,data/cache/sid/train/7e38aee9fa06b13c__30c5b52577.png,train,0,0,1024,684
2fc8aaf07ef99ac7,data/cache/sid/train/2fc8aaf07ef99ac7__9bf5f1c8ca.png,train,0,0,1024,682
97b6d51addde3116,data/cache/sid/train/97b6d51addde3116__54d5f71488.png,train,0,0,1024,936
full_synthetic_042137,data/cache/sid/train/full_synthetic_042137__a413b7c1ad.png,train,1,1,1024,1024
cec622165cc7bc0f,data/cache/sid/train/cec622165cc7bc0f__6a48635070.png,train,0,0,768,768
ae9b3c456e4e10e9,data/cache/sid/train/ae9b3c456e4e10e9__076e4da2dd.png,train,0,0,1024,684
full_synthetic_040957,data/cache/sid/train/full_synthetic_040957__d44745baef.png,train,1,1,1024,1024
af47633a0becafac,data/cache/sid/train/af47633a0becafac__81b6d50d43.png,train,0,0,1024,683
full_synthetic_009443,data/cache/sid/train/full_synthetic_009443__857dd5b351.png,train,1,1,1024,1024
c03e51dd1dc38289,data/cache/sid/train/c03e51dd1dc38289__f0294a34aa.png,train,0,0,1024,768
full_synthetic_061338,data/cache/sid/train/full_synthetic_061338__7cd372053b.png,train,1,1,1024,1024
full_synthetic_032817,data/cache/sid/train/full_synthetic_032817__dd69ae8f6c.png,train,1,1,1024,1024
3a7a6a70b1297a73,data/cache/sid/train/3a7a6a70b1297a73__bb68fc63ca.png,train,0,0,746,1024
full_synthetic_025085,data/cache/sid/train/full_synthetic_025085__0d05e1cede.png,train,1,1,1024,1024
6160acf2cf64ccd6,data/cache/sid/train/6160acf2cf64ccd6__da4a827233.png,train,0,0,1024,683
full_synthetic_055926,data/cache/sid/train/full_synthetic_055926__0f530f08f6.png,train,1,1,1024,1024
full_synthetic_062940,data/cache/sid/train/full_synthetic_062940__020402086e.png,train,1,1,1024,1024
59a596d74066c944,data/cache/sid/train/59a596d74066c944__83822e2503.png,train,0,0,1024,770
full_synthetic_003495,data/cache/sid/train/full_synthetic_003495__b77f6afa82.png,train,1,1,1024,1024
7a4667e60628e97b,data/cache/sid/train/7a4667e60628e97b__1a991ca4d6.png,train,0,0,1024,768
173aa95158acfd1a,data/cache/sid/train/173aa95158acfd1a__9c1e82f655.png,train,0,0,1024,768
73396b7177805cf9,data/cache/sid/train/73396b7177805cf9__9921903f9c.png,train,0,0,1024,768
full_synthetic_008424,data/cache/sid/train/full_synthetic_008424__0100656137.png,train,1,1,1024,1024
b6fa2d6771d24f68,data/cache/sid/train/b6fa2d6771d24f68__611494c881.png,train,0,0,1024,768
full_synthetic_069325,data/cache/sid/train/full_synthetic_069325__6620ae2e11.png,train,1,1,1024,1024
cb457ed2e0bdd5f2,data/cache/sid/train/cb457ed2e0bdd5f2__4f3abef959.png,train,0,0,1024,768
full_synthetic_068188,data/cache/sid/train/full_synthetic_068188__f1d9e0c03c.png,train,1,1,1024,1024
full_synthetic_045129,data/cache/sid/train/full_synthetic_045129__1ef656e5b6.png,train,1,1,1024,1024
full_synthetic_067884,data/cache/sid/train/full_synthetic_067884__c044cc1df6.png,train,1,1,1024,1024
eac6db7d13342709,data/cache/sid/train/eac6db7d13342709__44d525e410.png,train,0,0,680,1024
d83097955560bcaa,data/cache/sid/train/d83097955560bcaa__a82966d303.png,train,0,0,1024,683
266ea98277e23471,data/cache/sid/train/266ea98277e23471__70d362e7b0.png,train,0,0,1024,683
2f06610082c5b78a,data/cache/sid/train/2f06610082c5b78a__677b11da5c.png,train,0,0,1024,683
4369c492099101bc,data/cache/sid/train/4369c492099101bc__3fe8a10dcf.png,train,0,0,1024,770
44507ac5a5e54959,data/cache/sid/train/44507ac5a5e54959__4ba92a0c7f.png,train,0,0,1024,1024
full_synthetic_062398,data/cache/sid/train/full_synthetic_062398__3081400320.png,train,1,1,1024,1024
full_synthetic_023802,data/cache/sid/train/full_synthetic_023802__d8b481cda9.png,train,1,1,1024,1024
1f490c742c2731b3,data/cache/sid/train/1f490c742c2731b3__6770e9efc5.png,train,0,0,1024,684
e45cdd0edc7eecb6,data/cache/sid/train/e45cdd0edc7eecb6__b9289cb355.png,train,0,0,1024,766
671b6249e8489daf,data/cache/sid/train/671b6249e8489daf__7626244005.png,train,0,0,1024,683
full_synthetic_012137,data/cache/sid/train/full_synthetic_012137__521339f4ce.png,train,1,1,1024,1024
full_synthetic_069328,data/cache/sid/train/full_synthetic_069328__35b7ed0054.png,train,1,1,1024,1024
145e3380cffb74f8,data/cache/sid/train/145e3380cffb74f8__abc8f20355.png,train,0,0,1024,768
full_synthetic_066056,data/cache/sid/train/full_synthetic_066056__6fdfe48193.png,train,1,1,1024,1024
full_synthetic_034885,data/cache/sid/train/full_synthetic_034885__92ec590544.png,train,1,1,1024,1024
58e89ffe08a5767e,data/cache/sid/train/58e89ffe08a5767e__9f868d34a4.png,train,0,0,1024,683
866eab99326d2b2f,data/cache/sid/train/866eab99326d2b2f__4111dba75a.png,train,0,0,1024,686
de0ee658a3c05850,data/cache/sid/train/de0ee658a3c05850__663001e237.png,train,0,0,1024,683
full_synthetic_017632,data/cache/sid/train/full_synthetic_017632__febd5ea59e.png,train,1,1,1024,1024
full_synthetic_029130,data/cache/sid/train/full_synthetic_029130__14c4684fdf.png,train,1,1,1024,1024
full_synthetic_026208,data/cache/sid/train/full_synthetic_026208__20b15ac22e.png,train,1,1,1024,1024
full_synthetic_052451,data/cache/sid/train/full_synthetic_052451__ca6b2cee36.png,train,1,1,1024,1024
06e5e4bc39fced90,data/cache/sid/train/06e5e4bc39fced90__9215389184.png,train,0,0,1024,683
full_synthetic_025313,data/cache/sid/train/full_synthetic_025313__49901b1357.png,train,1,1,1024,1024
full_synthetic_058329,data/cache/sid/train/full_synthetic_058329__6a9b16b58c.png,train,1,1,1024,1024
full_synthetic_047801,data/cache/sid/train/full_synthetic_047801__192f5556d3.png,train,1,1,1024,1024
729d6b2d1720c872,data/cache/sid/train/729d6b2d1720c872__0ddbd54a85.png,train,0,0,1024,1024
full_synthetic_013882,data/cache/sid/train/full_synthetic_013882__5969ceab91.png,train,1,1,1024,1024
full_synthetic_056060,data/cache/sid/train/full_synthetic_056060__4a36b0cf41.png,train,1,1,1024,1024
b37d38f147a5860a,data/cache/sid/train/b37d38f147a5860a__d3a4ddcb77.png,train,0,0,1024,683
full_synthetic_057454,data/cache/sid/train/full_synthetic_057454__0fce96335d.png,train,1,1,1024,1024
full_synthetic_030867,data/cache/sid/train/full_synthetic_030867__6f15313885.png,train,1,1,1024,1024
c11e4deaf9d83a5e,data/cache/sid/train/c11e4deaf9d83a5e__52c3df4fad.png,train,0,0,1024,768
full_synthetic_008080,data/cache/sid/train/full_synthetic_008080__c63446a236.png,train,1,1,1024,1024
full_synthetic_005470,data/cache/sid/train/full_synthetic_005470__9206e91b4c.png,train,1,1,1024,1024
a67d90953a0c0bca,data/cache/sid/train/a67d90953a0c0bca__3e40f7ac9e.png,train,0,0,1024,710
full_synthetic_056902,data/cache/sid/train/full_synthetic_056902__e8d6c4e5a2.png,train,1,1,1024,1024
dd7180fcb66b6c01,data/cache/sid/train/dd7180fcb66b6c01__8f5a547fa1.png,train,0,0,1024,683
8d87cd681f47a609,data/cache/sid/train/8d87cd681f47a609__c21b59496e.png,train,0,0,1024,740
full_synthetic_053367,data/cache/sid/train/full_synthetic_053367__74c4fcb272.png,train,1,1,1024,1024
full_synthetic_048349,data/cache/sid/train/full_synthetic_048349__af24384512.png,train,1,1,1024,1024
f0e743e1be0febee,data/cache/sid/train/f0e743e1be0febee__c691d7e7bc.png,train,0,0,1024,789
full_synthetic_010388,data/cache/sid/train/full_synthetic_010388__46af61685b.png,train,1,1,1024,1024
full_synthetic_000155,data/cache/sid/train/full_synthetic_000155__3ac1c563b3.png,train,1,1,1024,1024
555e824ea51ccf34,data/cache/sid/train/555e824ea51ccf34__0eac91da2e.png,train,0,0,768,1024
full_synthetic_052621,data/cache/sid/train/full_synthetic_052621__8a75571bac.png,train,1,1,1024,1024
full_synthetic_003193,data/cache/sid/train/full_synthetic_003193__4d620c2307.png,train,1,1,1024,1024
full_synthetic_018880,data/cache/sid/train/full_synthetic_018880__89b64c716e.png,train,1,1,1024,1024
full_synthetic_051216,data/cache/sid/train/full_synthetic_051216__6d226024fe.png,train,1,1,1024,1024
full_synthetic_061531,data/cache/sid/train/full_synthetic_061531__cb8be13f52.png,train,1,1,1024,1024
ed1b02213c6d514a,data/cache/sid/train/ed1b02213c6d514a__0fd3e2006b.png,train,0,0,686,1024
0c3bf807bf45ed75,data/cache/sid/train/0c3bf807bf45ed75__0d881f22d9.png,train,0,0,683,1024
full_synthetic_044522,data/cache/sid/train/full_synthetic_044522__527b51f098.png,train,1,1,1024,1024
f7b45e91de34971e,data/cache/sid/train/f7b45e91de34971e__b283c749bf.png,train,0,0,1024,777
full_synthetic_003742,data/cache/sid/train/full_synthetic_003742__0c87b671d4.png,train,1,1,1024,1024
63e4a09f142bace6,data/cache/sid/train/63e4a09f142bace6__d29e04241f.png,train,0,0,1024,768
full_synthetic_016597,data/cache/sid/train/full_synthetic_016597__9f4dc650d4.png,train,1,1,1024,1024
full_synthetic_059648,data/cache/sid/train/full_synthetic_059648__3ed3aec9ea.png,train,1,1,1024,1024
1c025a1056b8ddd8,data/cache/sid/train/1c025a1056b8ddd8__0d56081a47.png,train,0,0,682,1024
bff6ee72a287b736,data/cache/sid/train/bff6ee72a287b736__f54a0a7738.png,train,0,0,768,1024
full_synthetic_006195,data/cache/sid/train/full_synthetic_006195__0d237db2dc.png,train,1,1,1024,1024
8ae9cafb039d0e04,data/cache/sid/train/8ae9cafb039d0e04__6f8ecc6efa.png,train,0,0,731,1024
full_synthetic_054170,data/cache/sid/train/full_synthetic_054170__8d735f97d3.png,train,1,1,1024,1024
8258fe502665a468,data/cache/sid/train/8258fe502665a468__77fe17124d.png,train,0,0,1024,683
full_synthetic_043724,data/cache/sid/train/full_synthetic_043724__544f49e2c1.png,train,1,1,1024,1024
27b4e99bc7f456d2,data/cache/sid/train/27b4e99bc7f456d2__8754c461a5.png,train,0,0,542,1024
91d4a0c7e9d91f24,data/cache/sid/train/91d4a0c7e9d91f24__55e6a077b4.png,train,0,0,683,1024
d11e0fefb83491fb,data/cache/sid/train/d11e0fefb83491fb__e5bea5aae2.png,train,0,0,1024,816
full_synthetic_021032,data/cache/sid/train/full_synthetic_021032__043b1b2282.png,train,1,1,1024,1024
22ab5d1c3f3ceb24,data/cache/sid/train/22ab5d1c3f3ceb24__dbb65cf91b.png,train,0,0,1024,686
1ad1f45204b55e9a,data/cache/sid/train/1ad1f45204b55e9a__3984b86e73.png,train,0,0,1024,1024
9c597f93cb4e2ca8,data/cache/sid/train/9c597f93cb4e2ca8__8c34e2b9c6.png,train,0,0,680,1024
060e2bf3eefc4469,data/cache/sid/train/060e2bf3eefc4469__27d55d6c0a.png,train,0,0,1024,683
2c3470e05e1d3faf,data/cache/sid/train/2c3470e05e1d3faf__6b4fa1b9df.png,train,0,0,1024,683
full_synthetic_029531,data/cache/sid/train/full_synthetic_029531__7bcc750926.png,train,1,1,1024,1024
15aec83a53930ee1,data/cache/sid/train/15aec83a53930ee1__3cc0659380.png,train,0,0,577,1024
1706c70c0576fc2f,data/cache/sid/train/1706c70c0576fc2f__63c18aa3c7.png,train,0,0,1024,768
full_synthetic_055785,data/cache/sid/train/full_synthetic_055785__059af5bfc0.png,train,1,1,1024,1024
full_synthetic_039261,data/cache/sid/train/full_synthetic_039261__1aa2e38f29.png,train,1,1,1024,1024
f7a2c8fc0f45f219,data/cache/sid/train/f7a2c8fc0f45f219__68bdce06e0.png,train,0,0,768,1024
a93557a328b9efce,data/cache/sid/train/a93557a328b9efce__1d07bc8b12.png,train,0,0,1024,768
full_synthetic_050902,data/cache/sid/train/full_synthetic_050902__28df273e59.png,train,1,1,1024,1024
7ac7fa5d4215f95e,data/cache/sid/train/7ac7fa5d4215f95e__a4c753f1d3.png,train,0,0,1024,768
full_synthetic_023129,data/cache/sid/train/full_synthetic_023129__7f1c81313c.png,train,1,1,1024,1024
full_synthetic_067898,data/cache/sid/train/full_synthetic_067898__127e375279.png,train,1,1,1024,1024
full_synthetic_053923,data/cache/sid/train/full_synthetic_053923__40e634e6fe.png,train,1,1,1024,1024
full_synthetic_016040,data/cache/sid/train/full_synthetic_016040__4c6f0ecae7.png,train,1,1,1024,1024
886ca62efcc6f42e,data/cache/sid/train/886ca62efcc6f42e__433ab67fe3.png,train,0,0,1024,696
full_synthetic_041685,data/cache/sid/train/full_synthetic_041685__12411879d5.png,train,1,1,1024,1024
full_synthetic_047063,data/cache/sid/train/full_synthetic_047063__745fe55664.png,train,1,1,1024,1024
750706bcce41e09c,data/cache/sid/train/750706bcce41e09c__67ccc28305.png,train,0,0,1024,1024
full_synthetic_013424,data/cache/sid/train/full_synthetic_013424__6019b8ec76.png,train,1,1,1024,1024
c047871485078e36,data/cache/sid/train/c047871485078e36__292fc27dd8.png,train,0,0,1024,680
751123d910cd1d41,data/cache/sid/train/751123d910cd1d41__219e6f62f7.png,train,0,0,768,1024
0c97a9625ff85207,data/cache/sid/train/0c97a9625ff85207__a30d64b449.png,train,0,0,683,1024
65de7d84cbf3d45e,data/cache/sid/train/65de7d84cbf3d45e__c66fd9f575.png,train,0,0,1024,646
full_synthetic_009929,data/cache/sid/train/full_synthetic_009929__f5286f4224.png,train,1,1,1024,1024
26dbcd24508a1fe5,data/cache/sid/train/26dbcd24508a1fe5__23b8f45bd6.png,train,0,0,768,1024
full_synthetic_016635,data/cache/sid/train/full_synthetic_016635__7d04c4d86e.png,train,1,1,1024,1024
full_synthetic_061836,data/cache/sid/train/full_synthetic_061836__e241c7eb53.png,train,1,1,1024,1024
full_synthetic_026187,data/cache/sid/train/full_synthetic_026187__3093082c9a.png,train,1,1,1024,1024
full_synthetic_005730,data/cache/sid/train/full_synthetic_005730__2b69ca6510.png,train,1,1,1024,1024
full_synthetic_068022,data/cache/sid/train/full_synthetic_068022__d1e13c647e.png,train,1,1,1024,1024
full_synthetic_057366,data/cache/sid/train/full_synthetic_057366__4b96d25d05.png,train,1,1,1024,1024
full_synthetic_059416,data/cache/sid/train/full_synthetic_059416__220a203aca.png,train,1,1,1024,1024
full_synthetic_005786,data/cache/sid/train/full_synthetic_005786__af6f4ccc3d.png,train,1,1,1024,1024
full_synthetic_013077,data/cache/sid/train/full_synthetic_013077__733f81591c.png,train,1,1,1024,1024
full_synthetic_011769,data/cache/sid/train/full_synthetic_011769__853c017890.png,train,1,1,1024,1024
8f6966934321901d,data/cache/sid/train/8f6966934321901d__47bfa9586d.png,train,0,0,1024,768
21f93b236d551d74,data/cache/sid/train/21f93b236d551d74__9bfe6b1eee.png,train,0,0,1024,683
99e0d2175c5e8606,data/cache/sid/train/99e0d2175c5e8606__edaeea84d9.png,train,0,0,1024,683
a9562091c1f1fef4,data/cache/sid/train/a9562091c1f1fef4__1c7ede67ed.png,train,0,0,1024,722
full_synthetic_001318,data/cache/sid/train/full_synthetic_001318__7d8c15e39d.png,train,1,1,1024,1024
008b6788aa0ef238,data/cache/sid/train/008b6788aa0ef238__a26ac1367e.png,train,0,0,870,1024
4edbefd3bc6f79ab,data/cache/sid/train/4edbefd3bc6f79ab__ea5e0173d9.png,train,0,0,768,1024
full_synthetic_066354,data/cache/sid/train/full_synthetic_066354__94d2a2bcd0.png,train,1,1,1024,1024
73db227590d92779,data/cache/sid/train/73db227590d92779__accb9f8de6.png,train,0,0,683,1024
full_synthetic_001888,data/cache/sid/train/full_synthetic_001888__3684b601f2.png,train,1,1,1024,1024
52ca3a4871fb1585,data/cache/sid/train/52ca3a4871fb1585__e233f453e9.png,train,0,0,1024,683
a78cabf1074dbd5d,data/cache/sid/train/a78cabf1074dbd5d__93a9f4099f.png,train,0,0,1024,683
21d4e927419c4b59,data/cache/sid/train/21d4e927419c4b59__62c654b1dc.png,train,0,0,1024,683
f2e97feaf9961b9d,data/cache/sid/train/f2e97feaf9961b9d__48466d3b9b.png,train,0,0,682,1024
c83a9480212bb047,data/cache/sid/train/c83a9480212bb047__167c8cadb6.png,train,0,0,1024,768
full_synthetic_022455,data/cache/sid/train/full_synthetic_022455__b1cb29aa75.png,train,1,1,1024,1024
638342d7e5c4f826,data/cache/sid/train/638342d7e5c4f826__65facd56b0.png,train,0,0,683,1024
3aae948d65d42570,data/cache/sid/train/3aae948d65d42570__54040db570.png,train,0,0,1024,768
87bab391c4278ee3,data/cache/sid/train/87bab391c4278ee3__0bfdac0d0b.png,train,0,0,1024,683
full_synthetic_029397,data/cache/sid/train/full_synthetic_029397__4caf108661.png,train,1,1,1024,1024
366c55773028612b,data/cache/sid/train/366c55773028612b__0344969ee0.png,train,0,0,1024,768
full_synthetic_010737,data/cache/sid/train/full_synthetic_010737__9eed756809.png,train,1,1,1024,1024
9f7a73b2c035dc5e,data/cache/sid/train/9f7a73b2c035dc5e__f8a64c95e7.png,train,0,0,1024,696
full_synthetic_056932,data/cache/sid/train/full_synthetic_056932__7915cc42ad.png,train,1,1,1024,1024
full_synthetic_058919,data/cache/sid/train/full_synthetic_058919__4657fb264a.png,train,1,1,1024,1024
617d4f8ccda07319,data/cache/sid/train/617d4f8ccda07319__06814033b9.png,train,0,0,1024,576
52f2c8e322128d2d,data/cache/sid/train/52f2c8e322128d2d__996d8c912b.png,train,0,0,768,1024
full_synthetic_028450,data/cache/sid/train/full_synthetic_028450__518d4e0c58.png,train,1,1,1024,1024
full_synthetic_026536,data/cache/sid/train/full_synthetic_026536__0c8fd71e4c.png,train,1,1,1024,1024
full_synthetic_007885,data/cache/sid/train/full_synthetic_007885__3cf10a6816.png,train,1,1,1024,1024
65640847d160dbd0,data/cache/sid/train/65640847d160dbd0__5b9dca3c8c.png,train,0,0,1024,768
full_synthetic_068397,data/cache/sid/train/full_synthetic_068397__4ed4d34904.png,train,1,1,1024,1024
full_synthetic_012080,data/cache/sid/train/full_synthetic_012080__e1a1e7ed9b.png,train,1,1,1024,1024
full_synthetic_041039,data/cache/sid/train/full_synthetic_041039__f047b533af.png,train,1,1,1024,1024
8df3c1d77b25a80d,data/cache/sid/train/8df3c1d77b25a80d__900f6e7313.png,train,0,0,1024,683
full_synthetic_040955,data/cache/sid/train/full_synthetic_040955__040f903561.png,train,1,1,1024,1024
full_synthetic_067948,data/cache/sid/train/full_synthetic_067948__39b24aafaa.png,train,1,1,1024,1024
d62027e4f78cecd8,data/cache/sid/train/d62027e4f78cecd8__0588e0c14a.png,train,0,0,1024,988
5490c9f9a09ffa65,data/cache/sid/train/5490c9f9a09ffa65__1b8c03c5aa.png,train,0,0,1024,574
full_synthetic_060809,data/cache/sid/train/full_synthetic_060809__8ab4133cdc.png,train,1,1,1024,1024
059b5bd7aa69a5d7,data/cache/sid/train/059b5bd7aa69a5d7__191028c6f5.png,train,0,0,1024,683
full_synthetic_039411,data/cache/sid/train/full_synthetic_039411__181e8e353c.png,train,1,1,1024,1024
920c697653cb0cd0,data/cache/sid/train/920c697653cb0cd0__0419346d06.png,train,0,0,1024,681
173b49f12ef8a55e,data/cache/sid/train/173b49f12ef8a55e__eee34b0d7f.png,train,0,0,723,1024
full_synthetic_055481,data/cache/sid/train/full_synthetic_055481__5497708653.png,train,1,1,1024,1024
1c542167b9cf456a,data/cache/sid/train/1c542167b9cf456a__d0ee7346f7.png,train,0,0,1024,768
full_synthetic_026629,data/cache/sid/train/full_synthetic_026629__79d8c5eaf3.png,train,1,1,1024,1024
055c409f9d279e1c,data/cache/sid/train/055c409f9d279e1c__0f51b189e8.png,train,0,0,683,1024
full_synthetic_028138,data/cache/sid/train/full_synthetic_028138__5dda1bd1d2.png,train,1,1,1024,1024
18322dfce9e9a024,data/cache/sid/train/18322dfce9e9a024__9dc7445fbf.png,train,0,0,680,1024
6d5e7a8bd65d93f7,data/cache/sid/train/6d5e7a8bd65d93f7__bbfa0e8faa.png,train,0,0,700,1024
full_synthetic_069447,data/cache/sid/train/full_synthetic_069447__9a37978db1.png,train,1,1,1024,1024
full_synthetic_021197,data/cache/sid/train/full_synthetic_021197__ca14561b80.png,train,1,1,1024,1024
full_synthetic_055817,data/cache/sid/train/full_synthetic_055817__c818af78d9.png,train,1,1,1024,1024
8ed8f60e6c44b47a,data/cache/sid/train/8ed8f60e6c44b47a__a0fa485537.png,train,0,0,1024,768
full_synthetic_065476,data/cache/sid/train/full_synthetic_065476__8e2a26b77d.png,train,1,1,1024,1024
009afead12387135,data/cache/sid/train/009afead12387135__e6142e65e8.png,train,0,0,1024,768
full_synthetic_052298,data/cache/sid/train/full_synthetic_052298__41566bb6fb.png,train,1,1,1024,1024
full_synthetic_006800,data/cache/sid/train/full_synthetic_006800__b86002ac69.png,train,1,1,1024,1024
full_synthetic_020643,data/cache/sid/train/full_synthetic_020643__746ed59865.png,train,1,1,1024,1024
full_synthetic_001574,data/cache/sid/train/full_synthetic_001574__558e7bc558.png,train,1,1,1024,1024
06c32cc35df353da,data/cache/sid/train/06c32cc35df353da__9edd75cff1.png,train,0,0,1024,768
03f108d8b8f574e9,data/cache/sid/train/03f108d8b8f574e9__bb2b28dff8.png,train,0,0,681,1024
full_synthetic_063586,data/cache/sid/train/full_synthetic_063586__8055e3c2a7.png,train,1,1,1024,1024
full_synthetic_041350,data/cache/sid/train/full_synthetic_041350__ad63801d55.png,train,1,1,1024,1024
full_synthetic_049247,data/cache/sid/train/full_synthetic_049247__86ca051e6a.png,train,1,1,1024,1024
full_synthetic_063596,data/cache/sid/train/full_synthetic_063596__e54faf9ca1.png,train,1,1,1024,1024
full_synthetic_036504,data/cache/sid/train/full_synthetic_036504__2812e47d9c.png,train,1,1,1024,1024
3adf68ae6e226a74,data/cache/sid/train/3adf68ae6e226a74__8caaac2866.png,train,0,0,612,1024
462597947ecd9381,data/cache/sid/train/462597947ecd9381__cf7d2e7bed.png,train,0,0,1024,768
full_synthetic_021857,data/cache/sid/train/full_synthetic_021857__644017eded.png,train,1,1,1024,1024
0630c757f6d8ecfc,data/cache/sid/train/0630c757f6d8ecfc__420974b74a.png,train,0,0,768,1024
10a07dd733daaca6,data/cache/sid/train/10a07dd733daaca6__1add8be253.png,train,0,0,1024,683
full_synthetic_060532,data/cache/sid/train/full_synthetic_060532__382a6e59e4.png,train,1,1,1024,1024
5355bb6ed63c3413,data/cache/sid/train/5355bb6ed63c3413__808ce952ea.png,train,0,0,1024,761
4f57ef00809e3534,data/cache/sid/train/4f57ef00809e3534__2d56fd8ffc.png,train,0,0,1024,576
33031257255d064c,data/cache/sid/train/33031257255d064c__01bc7fed60.png,train,0,0,1024,683
full_synthetic_063819,data/cache/sid/train/full_synthetic_063819__c58d29aa17.png,train,1,1,1024,1024
full_synthetic_062017,data/cache/sid/train/full_synthetic_062017__166c860185.png,train,1,1,1024,1024
562106459664ce41,data/cache/sid/train/562106459664ce41__6c394cc443.png,train,0,0,1024,768
49f5bd2cb367637d,data/cache/sid/train/49f5bd2cb367637d__4d971e8e1e.png,train,0,0,1024,768
0f073817ca337212,data/cache/sid/train/0f073817ca337212__be87100a5f.png,train,0,0,1024,683
full_synthetic_052679,data/cache/sid/train/full_synthetic_052679__485db8a49a.png,train,1,1,1024,1024
ccc5e36fda0d6c73,data/cache/sid/train/ccc5e36fda0d6c73__7160ecb03f.png,train,0,0,1024,769
00a20986a3abbd4c,data/cache/sid/train/00a20986a3abbd4c__f914f21737.png,train,0,0,1024,1023
full_synthetic_061516,data/cache/sid/train/full_synthetic_061516__2d248b786d.png,train,1,1,1024,1024
full_synthetic_019429,data/cache/sid/train/full_synthetic_019429__ecc39abdeb.png,train,1,1,1024,1024
f4fe06c562c5f11d,data/cache/sid/train/f4fe06c562c5f11d__ee13342934.png,train,0,0,1024,683
79a243281651f9b5,data/cache/sid/train/79a243281651f9b5__37e3787b67.png,train,0,0,683,1024
full_synthetic_005727,data/cache/sid/train/full_synthetic_005727__3429c70690.png,train,1,1,1024,1024
full_synthetic_056667,data/cache/sid/train/full_synthetic_056667__8e0a1951fc.png,train,1,1,1024,1024
304206c9efd70593,data/cache/sid/train/304206c9efd70593__3cca408598.png,train,0,0,1024,768
f8feeb51bb3798b6,data/cache/sid/train/f8feeb51bb3798b6__8aed466428.png,train,0,0,1024,768
a90ed0e452a329cf,data/cache/sid/train/a90ed0e452a329cf__360618dcaf.png,train,0,0,1024,768
aef35704ba4f9e94,data/cache/sid/train/aef35704ba4f9e94__f3a188b212.png,train,0,0,1024,768
full_synthetic_066196,data/cache/sid/train/full_synthetic_066196__1a97fd032c.png,train,1,1,1024,1024
full_synthetic_061110,data/cache/sid/train/full_synthetic_061110__5e45e0982b.png,train,1,1,1024,1024
full_synthetic_014443,data/cache/sid/train/full_synthetic_014443__00d7359170.png,train,1,1,1024,1024
full_synthetic_037162,data/cache/sid/train/full_synthetic_037162__7c722f4a4b.png,train,1,1,1024,1024
583fb43127be58d3,data/cache/sid/train/583fb43127be58d3__b7e68d37dd.png,train,0,0,1024,768
full_synthetic_002079,data/cache/sid/train/full_synthetic_002079__ace7400921.png,train,1,1,1024,1024
full_synthetic_059336,data/cache/sid/train/full_synthetic_059336__614b190ca1.png,train,1,1,1024,1024
full_synthetic_004644,data/cache/sid/train/full_synthetic_004644__82e530e738.png,train,1,1,1024,1024
d7d8fecec83c08cf,data/cache/sid/train/d7d8fecec83c08cf__bc90a89cf1.png,train,0,0,1024,768
af45d85f4d93a846,data/cache/sid/train/af45d85f4d93a846__124144e838.png,train,0,0,1024,768
full_synthetic_013216,data/cache/sid/train/full_synthetic_013216__5fd1b71e64.png,train,1,1,1024,1024
full_synthetic_027374,data/cache/sid/train/full_synthetic_027374__5c9ebbdab7.png,train,1,1,1024,1024
e27ff13dcd9f56e0,data/cache/sid/train/e27ff13dcd9f56e0__cf76c5810e.png,train,0,0,1024,683
full_synthetic_029749,data/cache/sid/train/full_synthetic_029749__e38797d3c9.png,train,1,1,1024,1024
full_synthetic_002519,data/cache/sid/train/full_synthetic_002519__91fa8d5ca3.png,train,1,1,1024,1024
full_synthetic_042591,data/cache/sid/train/full_synthetic_042591__e2086aa8a9.png,train,1,1,1024,1024
full_synthetic_044567,data/cache/sid/train/full_synthetic_044567__1c65f66f0e.png,train,1,1,1024,1024
a40f66a675305c53,data/cache/sid/train/a40f66a675305c53__e34a36872b.png,train,0,0,768,1024
490ac7e2b220e065,data/cache/sid/train/490ac7e2b220e065__d49f5ad657.png,train,0,0,1024,615
full_synthetic_054137,data/cache/sid/train/full_synthetic_054137__cb097fac80.png,train,1,1,1024,1024
full_synthetic_056649,data/cache/sid/train/full_synthetic_056649__cb44102db8.png,train,1,1,1024,1024
3832095ab91dc160,data/cache/sid/train/3832095ab91dc160__1240d0e4e6.png,train,0,0,914,1024
full_synthetic_041542,data/cache/sid/train/full_synthetic_041542__0344963dd7.png,train,1,1,1024,1024
7f1ff21283d5e077,data/cache/sid/train/7f1ff21283d5e077__ab4401adb5.png,train,0,0,1024,617
full_synthetic_035575,data/cache/sid/train/full_synthetic_035575__17b19eac93.png,train,1,1,1024,1024
d871fc313a999d86,data/cache/sid/train/d871fc313a999d86__06cab92089.png,train,0,0,1024,768
full_synthetic_067615,data/cache/sid/train/full_synthetic_067615__140e6194ee.png,train,1,1,1024,1024
0ba3eaae376272ba,data/cache/sid/train/0ba3eaae376272ba__7547efd94d.png,train,0,0,1024,683
31fef2325edff37f,data/cache/sid/train/31fef2325edff37f__44f956dc10.png,train,0,0,1024,683
3cf0d0dae1f5e826,data/cache/sid/train/3cf0d0dae1f5e826__2d59c5dfb6.png,train,0,0,682,1024
090ea170b58453f8,data/cache/sid/train/090ea170b58453f8__efd66ae527.png,train,0,0,682,1024
a1f9d49b24deea7f,data/cache/sid/train/a1f9d49b24deea7f__f73bab80b4.png,train,0,0,1024,576
45c95dd525c5a994,data/cache/sid/train/45c95dd525c5a994__1a06d5a4e8.png,train,0,0,1024,683
full_synthetic_006071,data/cache/sid/train/full_synthetic_006071__69a377cc34.png,train,1,1,1024,1024
full_synthetic_066990,data/cache/sid/train/full_synthetic_066990__3a0b7200c6.png,train,1,1,1024,1024
1d95b6b3644b2de4,data/cache/sid/train/1d95b6b3644b2de4__abd4cb3227.png,train,0,0,1024,768
full_synthetic_039360,data/cache/sid/train/full_synthetic_039360__bfcd415329.png,train,1,1,1024,1024
a684c528ded4f559,data/cache/sid/train/a684c528ded4f559__9e9f8e31f3.png,train,0,0,1024,1024
full_synthetic_020086,data/cache/sid/train/full_synthetic_020086__efce17d2ae.png,train,1,1,1024,1024
full_synthetic_058520,data/cache/sid/train/full_synthetic_058520__1f4e96082a.png,train,1,1,1024,1024
full_synthetic_052270,data/cache/sid/train/full_synthetic_052270__924427f02d.png,train,1,1,1024,1024
full_synthetic_067211,data/cache/sid/train/full_synthetic_067211__a680fd77ec.png,train,1,1,1024,1024
4838520e74c1d0af,data/cache/sid/train/4838520e74c1d0af__14ac32f32a.png,train,0,0,1024,687
full_synthetic_013394,data/cache/sid/train/full_synthetic_013394__3f0b87a2c9.png,train,1,1,1024,1024
84fccc5ec9899216,data/cache/sid/train/84fccc5ec9899216__f140345387.png,train,0,0,1024,768
full_synthetic_006183,data/cache/sid/train/full_synthetic_006183__d697734ad5.png,train,1,1,1024,1024
full_synthetic_018736,data/cache/sid/train/full_synthetic_018736__6486a59001.png,train,1,1,1024,1024
c2b936024e373a88,data/cache/sid/train/c2b936024e373a88__3c4a1eb0a2.png,train,0,0,685,1024
b430a110c6c5a435,data/cache/sid/train/b430a110c6c5a435__c24389f858.png,train,0,0,1024,1024
00c12c7ecaf5a136,data/cache/sid/train/00c12c7ecaf5a136__a1d029015f.png,train,0,0,1024,786
full_synthetic_032215,data/cache/sid/train/full_synthetic_032215__f7b8cfc70c.png,train,1,1,1024,1024
c53154bf941dbd38,data/cache/sid/train/c53154bf941dbd38__edc223e0b2.png,train,0,0,1024,685
6b7f6fd4676103fc,data/cache/sid/train/6b7f6fd4676103fc__3402393f4f.png,train,0,0,1024,1024
full_synthetic_055368,data/cache/sid/train/full_synthetic_055368__5bcaa44bd9.png,train,1,1,1024,1024
66f9e9fa5ec8aea9,data/cache/sid/train/66f9e9fa5ec8aea9__f28b1ac32c.png,train,0,0,1024,680
full_synthetic_014731,data/cache/sid/train/full_synthetic_014731__c4ffaffab5.png,train,1,1,1024,1024
full_synthetic_026281,data/cache/sid/train/full_synthetic_026281__2af1fd7588.png,train,1,1,1024,1024
722b4becfbee56ea,data/cache/sid/train/722b4becfbee56ea__ac4623f2ef.png,train,0,0,768,1024
38117280f504a761,data/cache/sid/train/38117280f504a761__626955d5a4.png,train,0,0,1024,592
7a760333b8759ab4,data/cache/sid/train/7a760333b8759ab4__d51b6d705d.png,train,0,0,1024,683
d09891922a984ad2,data/cache/sid/train/d09891922a984ad2__0c77b28dab.png,train,0,0,1024,681
full_synthetic_019701,data/cache/sid/train/full_synthetic_019701__fc43ae10b8.png,train,1,1,1024,1024
full_synthetic_030802,data/cache/sid/train/full_synthetic_030802__521d67183f.png,train,1,1,1024,1024
842971fc160b77dd,data/cache/sid/train/842971fc160b77dd__4c70b67df4.png,train,0,0,683,1024
full_synthetic_064094,data/cache/sid/train/full_synthetic_064094__d88ffb24de.png,train,1,1,1024,1024
47450a46584921e6,data/cache/sid/train/47450a46584921e6__b78be6eb37.png,train,0,0,1024,685
06cd325a6b6faa08,data/cache/sid/train/06cd325a6b6faa08__842edb153b.png,train,0,0,1024,678
full_synthetic_067005,data/cache/sid/train/full_synthetic_067005__627bea8b51.png,train,1,1,1024,1024
full_synthetic_056842,data/cache/sid/train/full_synthetic_056842__3e7643b024.png,train,1,1,1024,1024
2d5191f99d1700e8,data/cache/sid/train/2d5191f99d1700e8__8c582cf2c6.png,train,0,0,1024,683
c7b49c69724df015,data/cache/sid/train/c7b49c69724df015__cd78bf9e59.png,train,0,0,1024,768
31b6d6c573f8a734,data/cache/sid/train/31b6d6c573f8a734__a14073b656.png,train,0,0,1024,680
64015c2c6a316bbc,data/cache/sid/train/64015c2c6a316bbc__30f56f4ce8.png,train,0,0,683,1024
full_synthetic_008095,data/cache/sid/train/full_synthetic_008095__8bb89f710e.png,train,1,1,1024,1024
full_synthetic_037661,data/cache/sid/train/full_synthetic_037661__7bde07a413.png,train,1,1,1024,1024
full_synthetic_059119,data/cache/sid/train/full_synthetic_059119__0e0c3cc82b.png,train,1,1,1024,1024
full_synthetic_040477,data/cache/sid/train/full_synthetic_040477__c85c8501ff.png,train,1,1,1024,1024
full_synthetic_041348,data/cache/sid/train/full_synthetic_041348__2fa4d9f244.png,train,1,1,1024,1024
d300f86748052d17,data/cache/sid/train/d300f86748052d17__d119d7406c.png,train,0,0,577,1024
full_synthetic_009182,data/cache/sid/train/full_synthetic_009182__4f0c13cc40.png,train,1,1,1024,1024
fbaf811689a97501,data/cache/sid/train/fbaf811689a97501__fad58a6145.png,train,0,0,769,1024
full_synthetic_067096,data/cache/sid/train/full_synthetic_067096__6f8c548302.png,train,1,1,1024,1024
full_synthetic_046615,data/cache/sid/train/full_synthetic_046615__92a45509f0.png,train,1,1,1024,1024
full_synthetic_030167,data/cache/sid/train/full_synthetic_030167__820e59b8aa.png,train,1,1,1024,1024
full_synthetic_008488,data/cache/sid/train/full_synthetic_008488__684d1246b3.png,train,1,1,1024,1024
full_synthetic_035838,data/cache/sid/train/full_synthetic_035838__8c1b49836c.png,train,1,1,1024,1024
8fa0285c379e9a88,data/cache/sid/train/8fa0285c379e9a88__4f26dca38c.png,train,0,0,1024,683
full_synthetic_057473,data/cache/sid/train/full_synthetic_057473__551ec30eb2.png,train,1,1,1024,1024
full_synthetic_034762,data/cache/sid/train/full_synthetic_034762__a966dd40b9.png,train,1,1,1024,1024
fb1509b970a904bf,data/cache/sid/train/fb1509b970a904bf__7b54ccbfeb.png,train,0,0,819,1024
full_synthetic_057078,data/cache/sid/train/full_synthetic_057078__edbcd77297.png,train,1,1,1024,1024
39ee79f55c590aaa,data/cache/sid/train/39ee79f55c590aaa__4a4eba59b4.png,train,0,0,1024,468
1410688a03e62549,data/cache/sid/train/1410688a03e62549__4e196bedc1.png,train,0,0,1024,768
full_synthetic_058093,data/cache/sid/train/full_synthetic_058093__a7a1b82ffc.png,train,1,1,1024,1024
full_synthetic_043977,data/cache/sid/train/full_synthetic_043977__30be60c481.png,train,1,1,1024,1024
2c675b7a27c2d650,data/cache/sid/train/2c675b7a27c2d650__149355ae2c.png,train,0,0,1024,768
56dbf71b5bcb70a8,data/cache/sid/train/56dbf71b5bcb70a8__70d04d9188.png,train,0,0,1024,724
a0d0c7ee824c9f28,data/cache/sid/train/a0d0c7ee824c9f28__2eab93724b.png,train,0,0,1024,684
full_synthetic_033855,data/cache/sid/train/full_synthetic_033855__dddc07f3e3.png,train,1,1,1024,1024
7e67d01de8c594c1,data/cache/sid/train/7e67d01de8c594c1__cc791098c7.png,train,0,0,1024,768
full_synthetic_062107,data/cache/sid/train/full_synthetic_062107__9e7b63af4a.png,train,1,1,1024,1024
237ffcb99b2681b7,data/cache/sid/train/237ffcb99b2681b7__a00900c3dc.png,train,0,0,1024,768
full_synthetic_062834,data/cache/sid/train/full_synthetic_062834__ffdcd39166.png,train,1,1,1024,1024
097b5c39ade10a79,data/cache/sid/train/097b5c39ade10a79__22165c7ad8.png,train,0,0,687,1024
full_synthetic_008882,data/cache/sid/train/full_synthetic_008882__d3f8ae4b82.png,train,1,1,1024,1024
baa07e474bf0d043,data/cache/sid/train/baa07e474bf0d043__e9aec69387.png,train,0,0,1024,768
full_synthetic_064360,data/cache/sid/train/full_synthetic_064360__90d9c11163.png,train,1,1,1024,1024
full_synthetic_024866,data/cache/sid/train/full_synthetic_024866__2b36f9a585.png,train,1,1,1024,1024
full_synthetic_019541,data/cache/sid/train/full_synthetic_019541__0a8ffcef68.png,train,1,1,1024,1024
full_synthetic_060923,data/cache/sid/train/full_synthetic_060923__bc7b03588e.png,train,1,1,1024,1024
full_synthetic_018891,data/cache/sid/train/full_synthetic_018891__170fdf1f51.png,train,1,1,1024,1024
full_synthetic_045566,data/cache/sid/train/full_synthetic_045566__1726906391.png,train,1,1,1024,1024
full_synthetic_032706,data/cache/sid/train/full_synthetic_032706__2f6991c8d7.png,train,1,1,1024,1024
1ea4f37df1fec981,data/cache/sid/train/1ea4f37df1fec981__ec5a2638b0.png,train,0,0,1024,1024
full_synthetic_065940,data/cache/sid/train/full_synthetic_065940__1fde1fa0e7.png,train,1,1,1024,1024
full_synthetic_030981,data/cache/sid/train/full_synthetic_030981__bee92acf5d.png,train,1,1,1024,1024
full_synthetic_061067,data/cache/sid/train/full_synthetic_061067__918a51e67b.png,train,1,1,1024,1024
full_synthetic_069160,data/cache/sid/train/full_synthetic_069160__bd456c5781.png,train,1,1,1024,1024
42e0f59b6160671f,data/cache/sid/train/42e0f59b6160671f__1ab1e6186d.png,train,0,0,1024,768
582b56a498e96397,data/cache/sid/train/582b56a498e96397__ac2de2029d.png,train,0,0,1024,634
full_synthetic_012330,data/cache/sid/train/full_synthetic_012330__9debb899ca.png,train,1,1,1024,1024
full_synthetic_009099,data/cache/sid/train/full_synthetic_009099__056024280d.png,train,1,1,1024,1024
b09864fb311a60eb,data/cache/sid/train/b09864fb311a60eb__074c2dc149.png,train,0,0,768,1024
4c633a9da7ee0983,data/cache/sid/train/4c633a9da7ee0983__a3ac6a9f59.png,train,0,0,1024,342
b018bbe98aea637d,data/cache/sid/train/b018bbe98aea637d__684bb1679a.png,train,0,0,1024,765
da852fc882b2190a,data/cache/sid/train/da852fc882b2190a__0d990c3e2e.png,train,0,0,1024,665
full_synthetic_010291,data/cache/sid/train/full_synthetic_010291__03e505bb97.png,train,1,1,1024,1024
29a2045f4abdc139,data/cache/sid/train/29a2045f4abdc139__e308752d4e.png,train,0,0,1024,768
4002b42bf4f98f11,data/cache/sid/train/4002b42bf4f98f11__e7ae3ab796.png,train,0,0,1024,768
full_synthetic_003126,data/cache/sid/train/full_synthetic_003126__fc3eb90a16.png,train,1,1,1024,1024
full_synthetic_031861,data/cache/sid/train/full_synthetic_031861__da827a618d.png,train,1,1,1024,1024
716f20b2550c720a,data/cache/sid/train/716f20b2550c720a__3558a21875.png,train,0,0,1024,683
full_synthetic_062738,data/cache/sid/train/full_synthetic_062738__5b6a1e4b4a.png,train,1,1,1024,1024
full_synthetic_063430,data/cache/sid/train/full_synthetic_063430__63b74eb8c3.png,train,1,1,1024,1024
d7be3d0c45c98757,data/cache/sid/train/d7be3d0c45c98757__7633b5c3b4.png,train,0,0,671,1024
full_synthetic_021229,data/cache/sid/train/full_synthetic_021229__f49cde9e77.png,train,1,1,1024,1024
1002da5c2352a13b,data/cache/sid/train/1002da5c2352a13b__33563fed05.png,train,0,0,1024,683
e81475be49afe676,data/cache/sid/train/e81475be49afe676__cfcc55683b.png,train,0,0,1024,768
68bb75bc8af1234e,data/cache/sid/train/68bb75bc8af1234e__5565041419.png,train,0,0,1024,683
1434c8180787d0c7,data/cache/sid/train/1434c8180787d0c7__bb69c4b819.png,train,0,0,1024,768
46cd4ac479329730,data/cache/sid/train/46cd4ac479329730__c17295dff3.png,train,0,0,1024,576
0aef3877ab50ea1a,data/cache/sid/train/0aef3877ab50ea1a__1cd3c903a0.png,train,0,0,768,1024
dac8ac5ad2bca314,data/cache/sid/train/dac8ac5ad2bca314__322b4314ae.png,train,0,0,1024,768
43caed8f165139b5,data/cache/sid/train/43caed8f165139b5__2eaa09fc5f.png,train,0,0,1024,1020
2bf16ed414e8b336,data/cache/sid/train/2bf16ed414e8b336__3bb59835fc.png,train,0,0,1024,683
full_synthetic_016388,data/cache/sid/train/full_synthetic_016388__cfa99fc744.png,train,1,1,1024,1024
full_synthetic_042086,data/cache/sid/train/full_synthetic_042086__bcb8d10aa7.png,train,1,1,1024,1024
55c0b36f7d63d7e5,data/cache/sid/train/55c0b36f7d63d7e5__282a5a3ec8.png,train,0,0,768,1024
08c80a077fceb504,data/cache/sid/train/08c80a077fceb504__7362746161.png,train,0,0,576,1024
full_synthetic_051973,data/cache/sid/train/full_synthetic_051973__0ff44c919d.png,train,1,1,1024,1024
1d4a6ec76859fa5e,data/cache/sid/train/1d4a6ec76859fa5e__4df582898f.png,train,0,0,768,768
full_synthetic_021252,data/cache/sid/train/full_synthetic_021252__0b9945fe0d.png,train,1,1,1024,1024
16447defbaafc3c6,data/cache/sid/train/16447defbaafc3c6__394dd8e0f8.png,train,0,0,1024,1024
d8464b5ebb05fae2,data/cache/sid/train/d8464b5ebb05fae2__b019703508.png,train,0,0,1024,685
be55fd6dfacc2433,data/cache/sid/train/be55fd6dfacc2433__c09c3df466.png,train,0,0,686,1024
full_synthetic_047678,data/cache/sid/train/full_synthetic_047678__a54754364e.png,train,1,1,1024,1024
90e4d0e1585391b0,data/cache/sid/train/90e4d0e1585391b0__059163be6d.png,train,0,0,1024,768
1b3ce4761114f87a,data/cache/sid/train/1b3ce4761114f87a__dcef3793b1.png,train,0,0,1024,680
full_synthetic_007944,data/cache/sid/train/full_synthetic_007944__804cc731cd.png,train,1,1,1024,1024
full_synthetic_021089,data/cache/sid/train/full_synthetic_021089__5a0cd7996d.png,train,1,1,1024,1024
full_synthetic_029956,data/cache/sid/train/full_synthetic_029956__171ed8f066.png,train,1,1,1024,1024
full_synthetic_046242,data/cache/sid/train/full_synthetic_046242__0b41bd4c80.png,train,1,1,1024,1024
b6c7848b5a3cb2de,data/cache/sid/train/b6c7848b5a3cb2de__2cba5cd20a.png,train,0,0,1024,1024
full_synthetic_001415,data/cache/sid/train/full_synthetic_001415__5e4aafeaf0.png,train,1,1,1024,1024
628060476817dc7a,data/cache/sid/train/628060476817dc7a__5e4698d848.png,train,0,0,1024,768
full_synthetic_064407,data/cache/sid/train/full_synthetic_064407__458544ac6c.png,train,1,1,1024,1024
full_synthetic_069261,data/cache/sid/train/full_synthetic_069261__989bc6a547.png,train,1,1,1024,1024
full_synthetic_002765,data/cache/sid/train/full_synthetic_002765__b4724f307f.png,train,1,1,1024,1024
full_synthetic_029082,data/cache/sid/train/full_synthetic_029082__12ebd82323.png,train,1,1,1024,1024
full_synthetic_008067,data/cache/sid/train/full_synthetic_008067__00e56132ff.png,train,1,1,1024,1024
full_synthetic_011351,data/cache/sid/train/full_synthetic_011351__1e3557bf69.png,train,1,1,1024,1024
full_synthetic_006082,data/cache/sid/train/full_synthetic_006082__cb9a721ba4.png,train,1,1,1024,1024
00861f99f6e306bb,data/cache/sid/train/00861f99f6e306bb__f8c4aa4a63.png,train,0,0,1024,754
full_synthetic_057814,data/cache/sid/train/full_synthetic_057814__726805447d.png,train,1,1,1024,1024
full_synthetic_012619,data/cache/sid/train/full_synthetic_012619__cf8bc3af79.png,train,1,1,1024,1024
c7345db8d83ae2ce,data/cache/sid/train/c7345db8d83ae2ce__d2f03271be.png,train,0,0,1024,681
0aff9c654c0e45d0,data/cache/sid/train/0aff9c654c0e45d0__e36d25e9ce.png,train,0,0,1024,768
b486c95c3c6e7cc1,data/cache/sid/train/b486c95c3c6e7cc1__6eef5ca45d.png,train,0,0,1024,607
74bc41b5bf52903c,data/cache/sid/train/74bc41b5bf52903c__57201abd7c.png,train,0,0,1024,768
cee8c21108f024b8,data/cache/sid/train/cee8c21108f024b8__296a97e972.png,train,0,0,1024,702
full_synthetic_068518,data/cache/sid/train/full_synthetic_068518__7c02b335ef.png,train,1,1,1024,1024
full_synthetic_042502,data/cache/sid/train/full_synthetic_042502__2cfb03fe6c.png,train,1,1,1024,1024
full_synthetic_023606,data/cache/sid/train/full_synthetic_023606__967865e85c.png,train,1,1,1024,1024
7dd0fa488a095580,data/cache/sid/train/7dd0fa488a095580__30a0ad1670.png,train,0,0,933,1024
full_synthetic_025787,data/cache/sid/train/full_synthetic_025787__42a595bfd3.png,train,1,1,1024,1024
full_synthetic_018290,data/cache/sid/train/full_synthetic_018290__2cb01f4a79.png,train,1,1,1024,1024
d387b3e09466cb83,data/cache/sid/train/d387b3e09466cb83__a1dd0c2510.png,train,0,0,487,1024
7b2a94e354362fe1,data/cache/sid/train/7b2a94e354362fe1__aeeaacfced.png,train,0,0,1024,768
full_synthetic_051963,data/cache/sid/train/full_synthetic_051963__c2210ccb55.png,train,1,1,1024,1024
full_synthetic_058765,data/cache/sid/train/full_synthetic_058765__cb0950c0c6.png,train,1,1,1024,1024
21126df5f5e41703,data/cache/sid/train/21126df5f5e41703__749dd7e918.png,train,0,0,768,1024
a284db745f20315f,data/cache/sid/train/a284db745f20315f__12d65e4b12.png,train,0,0,1024,680
796e57d49eb66b5b,data/cache/sid/train/796e57d49eb66b5b__fc18923780.png,train,0,0,1024,768
full_synthetic_021474,data/cache/sid/train/full_synthetic_021474__5424e670fc.png,train,1,1,1024,1024
full_synthetic_029187,data/cache/sid/train/full_synthetic_029187__65cfa29ffd.png,train,1,1,1024,1024
full_synthetic_022603,data/cache/sid/train/full_synthetic_022603__acf1ba14bc.png,train,1,1,1024,1024
full_synthetic_014027,data/cache/sid/train/full_synthetic_014027__13db2e4ccb.png,train,1,1,1024,1024
full_synthetic_058853,data/cache/sid/train/full_synthetic_058853__3a81b79bd7.png,train,1,1,1024,1024
full_synthetic_044203,data/cache/sid/train/full_synthetic_044203__0d4d0c5a3d.png,train,1,1,1024,1024
214af643e72c7814,data/cache/sid/train/214af643e72c7814__4d20333e73.png,train,0,0,1024,768
e779b42ba4f64c8b,data/cache/sid/train/e779b42ba4f64c8b__734bc08536.png,train,0,0,1024,676
7d56c3477cc806a4,data/cache/sid/train/7d56c3477cc806a4__7e4ac269bf.png,train,0,0,1024,768
full_synthetic_051798,data/cache/sid/train/full_synthetic_051798__cb1dcb3b41.png,train,1,1,1024,1024
70822e4e5f530288,data/cache/sid/train/70822e4e5f530288__02f638747f.png,train,0,0,1024,765
full_synthetic_019051,data/cache/sid/train/full_synthetic_019051__3e4546bf04.png,train,1,1,1024,1024
2373053c57bba255,data/cache/sid/train/2373053c57bba255__3551a1c631.png,train,0,0,1024,683
4d15b0fb85aa2dbd,data/cache/sid/train/4d15b0fb85aa2dbd__189694fc1d.png,train,0,0,1024,683
a211771319e840aa,data/cache/sid/train/a211771319e840aa__7a97dc5096.png,train,0,0,816,1024
full_synthetic_028599,data/cache/sid/train/full_synthetic_028599__837a86b576.png,train,1,1,1024,1024
full_synthetic_047383,data/cache/sid/train/full_synthetic_047383__57c452f463.png,train,1,1,1024,1024
full_synthetic_008706,data/cache/sid/train/full_synthetic_008706__98d55df29c.png,train,1,1,1024,1024
94db6ae3fc4dc7b8,data/cache/sid/train/94db6ae3fc4dc7b8__488897a7c5.png,train,0,0,1024,768
298c1b060f6898d7,data/cache/sid/train/298c1b060f6898d7__d67534a01e.png,train,0,0,1024,663
full_synthetic_061957,data/cache/sid/train/full_synthetic_061957__012ffda019.png,train,1,1,1024,1024
c2907142ed849483,data/cache/sid/train/c2907142ed849483__83cf5affb0.png,train,0,0,1024,768
38ec672bc7a5bb3b,data/cache/sid/train/38ec672bc7a5bb3b__c88db6f4b6.png,train,0,0,1024,768
full_synthetic_007074,data/cache/sid/train/full_synthetic_007074__a1935a2a32.png,train,1,1,1024,1024
4ef6c70c8c345cf0,data/cache/sid/train/4ef6c70c8c345cf0__db66da07c2.png,train,0,0,1024,768
5d84ebdd003dd133,data/cache/sid/train/5d84ebdd003dd133__5695c3f8a8.png,train,0,0,1024,668
90acfcff50a54cd6,data/cache/sid/train/90acfcff50a54cd6__290fc6ae85.png,train,0,0,768,1024
f7a284a6f9c7f6b1,data/cache/sid/train/f7a284a6f9c7f6b1__efdc7738e9.png,train,0,0,1024,673
b34a3c218046bebf,data/cache/sid/train/b34a3c218046bebf__b78575a703.png,train,0,0,1024,708
full_synthetic_060748,data/cache/sid/train/full_synthetic_060748__4eda0c281d.png,train,1,1,1024,1024
35a7c50d3df26114,data/cache/sid/train/35a7c50d3df26114__e28f417e90.png,train,0,0,1024,680
full_synthetic_027381,data/cache/sid/train/full_synthetic_027381__34cbc99daf.png,train,1,1,1024,1024
40a45862edc2ae97,data/cache/sid/train/40a45862edc2ae97__9cdd7c9c51.png,train,0,0,1024,784
8dc3cc321dea8a43,data/cache/sid/train/8dc3cc321dea8a43__9d5543fd8b.png,train,0,0,1024,681
518e970235a841c9,data/cache/sid/train/518e970235a841c9__23b7c6e060.png,train,0,0,1024,768
full_synthetic_061029,data/cache/sid/train/full_synthetic_061029__a3dc6f0fc7.png,train,1,1,1024,1024
full_synthetic_036088,data/cache/sid/train/full_synthetic_036088__e188433bf8.png,train,1,1,1024,1024
full_synthetic_033974,data/cache/sid/train/full_synthetic_033974__6c1cfbf75a.png,train,1,1,1024,1024
full_synthetic_023985,data/cache/sid/train/full_synthetic_023985__8ffd493ce0.png,train,1,1,1024,1024
035dc3f64a88c0e3,data/cache/sid/train/035dc3f64a88c0e3__9e2a129047.png,train,0,0,683,1024
full_synthetic_065860,data/cache/sid/train/full_synthetic_065860__416d118671.png,train,1,1,1024,1024
12c7052d27a1b51c,data/cache/sid/train/12c7052d27a1b51c__1b0c6fd273.png,train,0,0,1024,576
full_synthetic_030172,data/cache/sid/train/full_synthetic_030172__9bdd43508e.png,train,1,1,1024,1024
4b1ed572cd5e0764,data/cache/sid/train/4b1ed572cd5e0764__def35d5f80.png,train,0,0,1024,768
5899b39501ad6c02,data/cache/sid/train/5899b39501ad6c02__248ef01c78.png,train,0,0,768,1024
30e167061b6dd834,data/cache/sid/train/30e167061b6dd834__5ca8cab391.png,train,0,0,1024,985
c1776bbf7e2197ce,data/cache/sid/train/c1776bbf7e2197ce__f95c06fe5e.png,train,0,0,1024,658
5baf216f2e6d7d3c,data/cache/sid/train/5baf216f2e6d7d3c__1c9cba24d5.png,train,0,0,1024,683
b6a48cfe117042f2,data/cache/sid/train/b6a48cfe117042f2__b246073077.png,train,0,0,1024,683
full_synthetic_010589,data/cache/sid/train/full_synthetic_010589__5ba45436d1.png,train,1,1,1024,1024
full_synthetic_007452,data/cache/sid/train/full_synthetic_007452__9adb43d51b.png,train,1,1,1024,1024
full_synthetic_032475,data/cache/sid/train/full_synthetic_032475__1b5a715165.png,train,1,1,1024,1024
156165303fc48706,data/cache/sid/train/156165303fc48706__9b0c6634fb.png,train,0,0,1024,665
full_synthetic_061973,data/cache/sid/train/full_synthetic_061973__d0aa89cecc.png,train,1,1,1024,1024
full_synthetic_066038,data/cache/sid/train/full_synthetic_066038__956d970ff3.png,train,1,1,1024,1024
full_synthetic_065041,data/cache/sid/train/full_synthetic_065041__29c4752cf3.png,train,1,1,1024,1024
full_synthetic_049896,data/cache/sid/train/full_synthetic_049896__4ebe21b96f.png,train,1,1,1024,1024
6c03d988d073d6ea,data/cache/sid/train/6c03d988d073d6ea__4e6df41b1b.png,train,0,0,1024,683
6a1f9c86daeac9bc,data/cache/sid/train/6a1f9c86daeac9bc__d5da470215.png,train,0,0,1024,682
full_synthetic_049350,data/cache/sid/train/full_synthetic_049350__1d996bc796.png,train,1,1,1024,1024
full_synthetic_004774,data/cache/sid/train/full_synthetic_004774__995502e9bd.png,train,1,1,1024,1024
8f42b6bb214b056d,data/cache/sid/train/8f42b6bb214b056d__740151d7fe.png,train,0,0,1024,683
full_synthetic_066745,data/cache/sid/train/full_synthetic_066745__fd22283e6f.png,train,1,1,1024,1024
ee6507fa0df9b4d9,data/cache/sid/train/ee6507fa0df9b4d9__6e3a73ad2d.png,train,0,0,1024,768
full_synthetic_041859,data/cache/sid/train/full_synthetic_041859__3dd434a5ce.png,train,1,1,1024,1024
0dd2a181cc555fed,data/cache/sid/train/0dd2a181cc555fed__5c80eb229a.png,train,0,0,1024,768
1da6866117dd7fcd,data/cache/sid/train/1da6866117dd7fcd__8cdb21d0ad.png,train,0,0,1024,768
eded9da81ae427c3,data/cache/sid/train/eded9da81ae427c3__f53a569e98.png,train,0,0,1024,683
c260e3149f469a70,data/cache/sid/train/c260e3149f469a70__1c99cd8ffa.png,train,0,0,1024,698
full_synthetic_000797,data/cache/sid/train/full_synthetic_000797__abdc21655f.png,train,1,1,1024,1024
full_synthetic_026628,data/cache/sid/train/full_synthetic_026628__b9a5397473.png,train,1,1,1024,1024
96f07f7dde6a0a74,data/cache/sid/train/96f07f7dde6a0a74__0ff415d85b.png,train,0,0,1024,768
full_synthetic_062125,data/cache/sid/train/full_synthetic_062125__459e45a1f2.png,train,1,1,1024,1024
16df1e29541e32a9,data/cache/sid/train/16df1e29541e32a9__b06ed16e08.png,train,0,0,1024,610
full_synthetic_063025,data/cache/sid/train/full_synthetic_063025__c6f0589ef0.png,train,1,1,1024,1024
d687c41958ab760e,data/cache/sid/train/d687c41958ab760e__ff1f67489e.png,train,0,0,1024,576
full_synthetic_068413,data/cache/sid/train/full_synthetic_068413__d993c6ef27.png,train,1,1,1024,1024
full_synthetic_018799,data/cache/sid/train/full_synthetic_018799__0845893b1c.png,train,1,1,1024,1024
full_synthetic_020181,data/cache/sid/train/full_synthetic_020181__09b0992150.png,train,1,1,1024,1024
full_synthetic_058100,data/cache/sid/train/full_synthetic_058100__6ad07310bb.png,train,1,1,1024,1024
9f707f5889cdac49,data/cache/sid/train/9f707f5889cdac49__4ef7ce3d5b.png,train,0,0,1024,768
45bc15e0ac04c42f,data/cache/sid/train/45bc15e0ac04c42f__82c82c5e79.png,train,0,0,1024,576
001da8aeda193c79,data/cache/sid/train/001da8aeda193c79__00c48f42eb.png,train,0,0,1024,681
085103532bf4f342,data/cache/sid/train/085103532bf4f342__347f13fb9d.png,train,0,0,1024,768
full_synthetic_057835,data/cache/sid/train/full_synthetic_057835__bd5d6e515e.png,train,1,1,1024,1024
80aebe6f83612c1c,data/cache/sid/train/80aebe6f83612c1c__956818a480.png,train,0,0,1024,684
746bddfa1b6a2d2f,data/cache/sid/train/746bddfa1b6a2d2f__27dc8d230f.png,train,0,0,1024,681
b9dbd4e7a6437995,data/cache/sid/train/b9dbd4e7a6437995__7135d6773a.png,train,0,0,1024,768
full_synthetic_069500,data/cache/sid/train/full_synthetic_069500__bf6455b6f5.png,train,1,1,1024,1024
1ff6c484a79f984a,data/cache/sid/train/1ff6c484a79f984a__f8ee6df68e.png,train,0,0,1024,768
01273541d336929e,data/cache/sid/train/01273541d336929e__3fbecbfd12.png,train,0,0,768,768
full_synthetic_038547,data/cache/sid/train/full_synthetic_038547__8f40012461.png,train,1,1,1024,1024
full_synthetic_002307,data/cache/sid/train/full_synthetic_002307__4e1f1a3d65.png,train,1,1,1024,1024
full_synthetic_066180,data/cache/sid/train/full_synthetic_066180__ddceef173d.png,train,1,1,1024,1024
01319a4c71e952a6,data/cache/sid/train/01319a4c71e952a6__f3b07d0be3.png,train,0,0,682,1024
8ca785c089065375,data/cache/sid/train/8ca785c089065375__77f45e88fc.png,train,0,0,1024,640
9e5385f53ae61664,data/cache/sid/train/9e5385f53ae61664__e1d4adc557.png,train,0,0,1024,683
2062ce2936db79a7,data/cache/sid/train/2062ce2936db79a7__25cc4eaf68.png,train,0,0,1024,743
full_synthetic_047820,data/cache/sid/train/full_synthetic_047820__737b9e6047.png,train,1,1,1024,1024
183ba5e0d1d44549,data/cache/sid/train/183ba5e0d1d44549__cab39ace62.png,train,0,0,1024,721
full_synthetic_069231,data/cache/sid/train/full_synthetic_069231__f33c2e2f2a.png,train,1,1,1024,1024
full_synthetic_042908,data/cache/sid/train/full_synthetic_042908__cb8f0ddda8.png,train,1,1,1024,1024
full_synthetic_007293,data/cache/sid/train/full_synthetic_007293__34bfb222e9.png,train,1,1,1024,1024
5b2e5b83fc24616d,data/cache/sid/train/5b2e5b83fc24616d__f4bf1aee93.png,train,0,0,1024,768
full_synthetic_000968,data/cache/sid/train/full_synthetic_000968__6b5a2948e7.png,train,1,1,1024,1024
533fe1327dec9737,data/cache/sid/train/533fe1327dec9737__55c3eaa875.png,train,0,0,1024,681
full_synthetic_005949,data/cache/sid/train/full_synthetic_005949__59283cbcca.png,train,1,1,1024,1024
full_synthetic_036200,data/cache/sid/train/full_synthetic_036200__b99603151c.png,train,1,1,1024,1024
43004f198cc9e1d7,data/cache/sid/train/43004f198cc9e1d7__8dff98ba23.png,train,0,0,1024,683
b950679a9645533d,data/cache/sid/train/b950679a9645533d__d9c4237b4e.png,train,0,0,1024,683
full_synthetic_014233,data/cache/sid/train/full_synthetic_014233__16cf42325d.png,train,1,1,1024,1024
32e5016def28fb45,data/cache/sid/train/32e5016def28fb45__53a6f47358.png,train,0,0,670,1024
b0987f3020816a28,data/cache/sid/train/b0987f3020816a28__700f85371b.png,train,0,0,1024,753
15c980c91a96c872,data/cache/sid/train/15c980c91a96c872__7da17af601.png,train,0,0,1024,768
d37f7280c9032724,data/cache/sid/train/d37f7280c9032724__a62f3ca756.png,train,0,0,1024,768
full_synthetic_052560,data/cache/sid/train/full_synthetic_052560__b6386398d3.png,train,1,1,1024,1024
full_synthetic_006055,data/cache/sid/train/full_synthetic_006055__b092692bb5.png,train,1,1,1024,1024
ec2e6b2d96317108,data/cache/sid/train/ec2e6b2d96317108__3b80928b31.png,train,0,0,1024,768
full_synthetic_013996,data/cache/sid/train/full_synthetic_013996__7f191055e8.png,train,1,1,1024,1024
10a439ac4fa4a7bd,data/cache/sid/train/10a439ac4fa4a7bd__c2e0d41957.png,train,0,0,1024,680
41409c66ba6acc74,data/cache/sid/train/41409c66ba6acc74__0874b9b80c.png,train,0,0,1024,692
734d8a534b148783,data/cache/sid/train/734d8a534b148783__b74117f564.png,train,0,0,768,1024
79f2156d8e55c05b,data/cache/sid/train/79f2156d8e55c05b__4576deb779.png,train,0,0,1024,823
e92121aad88c24e6,data/cache/sid/train/e92121aad88c24e6__bcb07dfefa.png,train,0,0,1024,683
7753ca0ed2628b43,data/cache/sid/train/7753ca0ed2628b43__aea9e60074.png,train,0,0,1024,768
full_synthetic_008703,data/cache/sid/train/full_synthetic_008703__8e845675b1.png,train,1,1,1024,1024
bc45358c8bb6b1b5,data/cache/sid/train/bc45358c8bb6b1b5__5bd8b5fa6a.png,train,0,0,1024,683
6efb99d8f5300e28,data/cache/sid/train/6efb99d8f5300e28__ac77dca46b.png,train,0,0,1024,768
full_synthetic_062944,data/cache/sid/train/full_synthetic_062944__9080ca2196.png,train,1,1,1024,1024
full_synthetic_010192,data/cache/sid/train/full_synthetic_010192__a33b0e9000.png,train,1,1,1024,1024
full_synthetic_034187,data/cache/sid/train/full_synthetic_034187__db8f63811c.png,train,1,1,1024,1024
full_synthetic_018449,data/cache/sid/train/full_synthetic_018449__78fb75b75f.png,train,1,1,1024,1024
043b18a22d067107,data/cache/sid/train/043b18a22d067107__ade0432331.png,train,0,0,1024,611
c8bba3ff4484336e,data/cache/sid/train/c8bba3ff4484336e__f13da7f393.png,train,0,0,1024,768
a9ece428a21cfa65,data/cache/sid/train/a9ece428a21cfa65__eb71b8c165.png,train,0,0,1024,768
full_synthetic_017480,data/cache/sid/train/full_synthetic_017480__3fda71d9b0.png,train,1,1,1024,1024
a28c9076c9a13f5c,data/cache/sid/train/a28c9076c9a13f5c__b88448152c.png,train,0,0,683,1024
8fbdbf22252ca036,data/cache/sid/train/8fbdbf22252ca036__0f05145516.png,train,0,0,729,1024
024411d1c9c45cea,data/cache/sid/train/024411d1c9c45cea__24f298c2bd.png,train,0,0,1024,768
full_synthetic_026086,data/cache/sid/train/full_synthetic_026086__3fa264ede7.png,train,1,1,1024,1024
full_synthetic_022729,data/cache/sid/train/full_synthetic_022729__e3b8c2a5ff.png,train,1,1,1024,1024
9a7e6d993152a7fe,data/cache/sid/train/9a7e6d993152a7fe__3c759cf5e1.png,train,0,0,1024,683
94696d4af7adb7ee,data/cache/sid/train/94696d4af7adb7ee__fb12bd09ae.png,train,0,0,1024,768
full_synthetic_000956,data/cache/sid/train/full_synthetic_000956__97f417a1f5.png,train,1,1,1024,1024
full_synthetic_002700,data/cache/sid/train/full_synthetic_002700__df536efdbe.png,train,1,1,1024,1024
full_synthetic_029928,data/cache/sid/train/full_synthetic_029928__4821adf326.png,train,1,1,1024,1024
b24d0b72bfc89548,data/cache/sid/train/b24d0b72bfc89548__009532cf5d.png,train,0,0,1024,683
full_synthetic_054643,data/cache/sid/train/full_synthetic_054643__aa3a0848da.png,train,1,1,1024,1024
full_synthetic_035853,data/cache/sid/train/full_synthetic_035853__e9a5795d67.png,train,1,1,1024,1024
full_synthetic_032947,data/cache/sid/train/full_synthetic_032947__23cdcfe747.png,train,1,1,1024,1024
full_synthetic_050327,data/cache/sid/train/full_synthetic_050327__57e2d37ec5.png,train,1,1,1024,1024
full_synthetic_028577,data/cache/sid/train/full_synthetic_028577__84ac9c046f.png,train,1,1,1024,1024
full_synthetic_038220,data/cache/sid/train/full_synthetic_038220__6dbec3073d.png,train,1,1,1024,1024
ddd295919f8e2d74,data/cache/sid/train/ddd295919f8e2d74__c686673bcc.png,train,0,0,1024,768
full_synthetic_032892,data/cache/sid/train/full_synthetic_032892__828f83a1b1.png,train,1,1,1024,1024
full_synthetic_050951,data/cache/sid/train/full_synthetic_050951__c4d15d3ec8.png,train,1,1,1024,1024
full_synthetic_056155,data/cache/sid/train/full_synthetic_056155__fc55fb2915.png,train,1,1,1024,1024
e47977d11bcd4256,data/cache/sid/train/e47977d11bcd4256__2543e050d3.png,train,0,0,1024,681
ccd818ab26c2fc3d,data/cache/sid/train/ccd818ab26c2fc3d__46deb73bcd.png,train,0,0,1024,768
full_synthetic_053596,data/cache/sid/train/full_synthetic_053596__a5681ccac7.png,train,1,1,1024,1024
26018a67c0ba1e27,data/cache/sid/train/26018a67c0ba1e27__17233255b5.png,train,0,0,1024,768
full_synthetic_004737,data/cache/sid/train/full_synthetic_004737__51db21aa5e.png,train,1,1,1024,1024
full_synthetic_068905,data/cache/sid/train/full_synthetic_068905__db6dab830f.png,train,1,1,1024,1024
full_synthetic_044263,data/cache/sid/train/full_synthetic_044263__ecb3b26c80.png,train,1,1,1024,1024
dce767abd71d9ac8,data/cache/sid/train/dce767abd71d9ac8__ff5bbbbcb9.png,train,0,0,1024,683
bc8a27b40935715d,data/cache/sid/train/bc8a27b40935715d__7b1003d125.png,train,0,0,1024,768
full_synthetic_061205,data/cache/sid/train/full_synthetic_061205__a94202079a.png,train,1,1,1024,1024
ad7077bef8e08cb7,data/cache/sid/train/ad7077bef8e08cb7__c70b0485f2.png,train,0,0,1024,768
59e3a5366d25dada,data/cache/sid/train/59e3a5366d25dada__dccc75d726.png,train,0,0,1024,683
full_synthetic_055140,data/cache/sid/train/full_synthetic_055140__4e56c67891.png,train,1,1,1024,1024
6c512f2593af25ad,data/cache/sid/train/6c512f2593af25ad__1bbf019500.png,train,0,0,1024,768
full_synthetic_069575,data/cache/sid/train/full_synthetic_069575__408a119198.png,train,1,1,1024,1024
full_synthetic_027763,data/cache/sid/train/full_synthetic_027763__ef1c900d0b.png,train,1,1,1024,1024
9aad0949d2faaf3b,data/cache/sid/train/9aad0949d2faaf3b__db90f8b537.png,train,0,0,682,1024
full_synthetic_010247,data/cache/sid/train/full_synthetic_010247__a1c04cff6d.png,train,1,1,1024,1024
52233bb91a97c28c,data/cache/sid/train/52233bb91a97c28c__171a44af70.png,train,0,0,1024,690
6a9eb990f05ed38f,data/cache/sid/train/6a9eb990f05ed38f__24d3fd59b1.png,train,0,0,1024,724
6c045224050545eb,data/cache/sid/train/6c045224050545eb__d9f648b362.png,train,0,0,1024,683
full_synthetic_049778,data/cache/sid/train/full_synthetic_049778__5f19e2609a.png,train,1,1,1024,1024
5dd926d7a164ef80,data/cache/sid/train/5dd926d7a164ef80__9936ff9a9e.png,train,0,0,683,1024
full_synthetic_003499,data/cache/sid/train/full_synthetic_003499__ea53864843.png,train,1,1,1024,1024
40be2616efe07244,data/cache/sid/train/40be2616efe07244__5d23abf43d.png,train,0,0,768,1024
f2bf9c3c717450ac,data/cache/sid/train/f2bf9c3c717450ac__b1b2bebce1.png,train,0,0,1024,683
d8a8e4fb9cfc2fe8,data/cache/sid/train/d8a8e4fb9cfc2fe8__1718c69fbb.png,train,0,0,1024,683
full_synthetic_059555,data/cache/sid/train/full_synthetic_059555__0fc31fb292.png,train,1,1,1024,1024
cd73dd0e0a2f0ac7,data/cache/sid/train/cd73dd0e0a2f0ac7__5f7a5626d2.png,train,0,0,1024,685
full_synthetic_066653,data/cache/sid/train/full_synthetic_066653__b276aed472.png,train,1,1,1024,1024
045699b222cae844,data/cache/sid/train/045699b222cae844__3fe94d93ae.png,train,0,0,1024,779
dd391ea608744c4e,data/cache/sid/train/dd391ea608744c4e__32e9928385.png,train,0,0,1024,682
786ad8ef235effcb,data/cache/sid/train/786ad8ef235effcb__c6a0274adc.png,train,0,0,1024,681
f248553264e84d3b,data/cache/sid/train/f248553264e84d3b__6ad3ebb839.png,train,0,0,683,1024
5364d6d983fc9ca9,data/cache/sid/train/5364d6d983fc9ca9__5ee2f67864.png,train,0,0,1024,683
6af6134ba8f68de5,data/cache/sid/train/6af6134ba8f68de5__ed8b75f9ea.png,train,0,0,768,1024
full_synthetic_041216,data/cache/sid/train/full_synthetic_041216__e08b55a4db.png,train,1,1,1024,1024
full_synthetic_022772,data/cache/sid/train/full_synthetic_022772__ff0f8138c8.png,train,1,1,1024,1024
full_synthetic_021739,data/cache/sid/train/full_synthetic_021739__ab757bbac6.png,train,1,1,1024,1024
full_synthetic_008809,data/cache/sid/train/full_synthetic_008809__f985ecda33.png,train,1,1,1024,1024
full_synthetic_018125,data/cache/sid/train/full_synthetic_018125__55c894a928.png,train,1,1,1024,1024
full_synthetic_041456,data/cache/sid/train/full_synthetic_041456__77f5e9d7cc.png,train,1,1,1024,1024
full_synthetic_024111,data/cache/sid/train/full_synthetic_024111__fc9f61f321.png,train,1,1,1024,1024
full_synthetic_021284,data/cache/sid/train/full_synthetic_021284__b3b88f2c63.png,train,1,1,1024,1024
01ea859fc00fd3e7,data/cache/sid/train/01ea859fc00fd3e7__f245d67be7.png,train,0,0,1024,683
b1760018a6f95fd2,data/cache/sid/train/b1760018a6f95fd2__cc9bcadf77.png,train,0,0,1024,768
full_synthetic_065501,data/cache/sid/train/full_synthetic_065501__fe14a94abb.png,train,1,1,1024,1024
c776d8b78336b9e4,data/cache/sid/train/c776d8b78336b9e4__d14ec75729.png,train,0,0,768,1024
6a8ea717fdada23c,data/cache/sid/train/6a8ea717fdada23c__1303fc8a41.png,train,0,0,1024,768
46fa79602e1950cc,data/cache/sid/train/46fa79602e1950cc__9285c10509.png,train,0,0,1024,705
full_synthetic_020599,data/cache/sid/train/full_synthetic_020599__2919d265b9.png,train,1,1,1024,1024
271aa3c6f83e139e,data/cache/sid/train/271aa3c6f83e139e__0b90d8680d.png,train,0,0,683,1024
7773554c8340f220,data/cache/sid/train/7773554c8340f220__8dd929925c.png,train,0,0,1024,680
full_synthetic_053041,data/cache/sid/train/full_synthetic_053041__17938bb12f.png,train,1,1,1024,1024
full_synthetic_022543,data/cache/sid/train/full_synthetic_022543__2a2ee1e1c6.png,train,1,1,1024,1024
full_synthetic_022789,data/cache/sid/train/full_synthetic_022789__18d28546bf.png,train,1,1,1024,1024
full_synthetic_041866,data/cache/sid/train/full_synthetic_041866__d2698c8bc7.png,train,1,1,1024,1024
50f8499718cc67de,data/cache/sid/train/50f8499718cc67de__b1db312f2c.png,train,0,0,1024,768
full_synthetic_059340,data/cache/sid/train/full_synthetic_059340__e445033fb5.png,train,1,1,1024,1024
full_synthetic_038160,data/cache/sid/train/full_synthetic_038160__5d11e3c991.png,train,1,1,1024,1024
full_synthetic_066971,data/cache/sid/train/full_synthetic_066971__a09cd3beb8.png,train,1,1,1024,1024
6af928f59de90a09,data/cache/sid/train/6af928f59de90a09__03363db2a3.png,train,0,0,1024,681
af7557a92643f1a7,data/cache/sid/train/af7557a92643f1a7__e7c33c93c9.png,train,0,0,1024,768
076cd2ffd07f139c,data/cache/sid/train/076cd2ffd07f139c__ff4bf011ab.png,train,0,0,1024,1024
full_synthetic_058144,data/cache/sid/train/full_synthetic_058144__7d1e8509d5.png,train,1,1,1024,1024
01a916bfaa3a7427,data/cache/sid/train/01a916bfaa3a7427__9e34a751b7.png,train,0,0,1024,768
ccc2eaa8816e1ec3,data/cache/sid/train/ccc2eaa8816e1ec3__ccb23d56ba.png,train,0,0,1024,802
full_synthetic_063759,data/cache/sid/train/full_synthetic_063759__2f83287346.png,train,1,1,1024,1024
full_synthetic_029552,data/cache/sid/train/full_synthetic_029552__c383aaf6f9.png,train,1,1,1024,1024
full_synthetic_005004,data/cache/sid/train/full_synthetic_005004__609d12aa7d.png,train,1,1,1024,1024
b593d857cdfe9d37,data/cache/sid/train/b593d857cdfe9d37__b72eed4eca.png,train,0,0,1024,492
2b314f878e455f38,data/cache/sid/train/2b314f878e455f38__16742faad4.png,train,0,0,489,1024
a412d315983b46ed,data/cache/sid/train/a412d315983b46ed__5b1650d789.png,train,0,0,1024,680
28afb9cbff948df6,data/cache/sid/train/28afb9cbff948df6__77eb0a9b57.png,train,0,0,1024,683
full_synthetic_029570,data/cache/sid/train/full_synthetic_029570__b068276a21.png,train,1,1,1024,1024
full_synthetic_039046,data/cache/sid/train/full_synthetic_039046__07ef1229b3.png,train,1,1,1024,1024
151f05148ceb1ba2,data/cache/sid/train/151f05148ceb1ba2__95c346ce5b.png,train,0,0,837,1024
149ef1924a05ed63,data/cache/sid/train/149ef1924a05ed63__66286706f8.png,train,0,0,1024,681
4b2e3c0cb030ef14,data/cache/sid/train/4b2e3c0cb030ef14__4bc17b09e8.png,train,0,0,1024,683
fbca17e994a7f7fe,data/cache/sid/train/fbca17e994a7f7fe__2765080789.png,train,0,0,1024,682
full_synthetic_015557,data/cache/sid/train/full_synthetic_015557__2a526bc33c.png,train,1,1,1024,1024
e08e572094000398,data/cache/sid/train/e08e572094000398__e7e6cf1d13.png,train,0,0,683,1024
full_synthetic_044115,data/cache/sid/train/full_synthetic_044115__7d98d6a18c.png,train,1,1,1024,1024
full_synthetic_036692,data/cache/sid/train/full_synthetic_036692__ffca59e600.png,train,1,1,1024,1024
full_synthetic_033850,data/cache/sid/train/full_synthetic_033850__3a68fe3b74.png,train,1,1,1024,1024
247037a0023bebd9,data/cache/sid/train/247037a0023bebd9__e4667cc919.png,train,0,0,685,1024
fee1c7a5a383c4f0,data/cache/sid/train/fee1c7a5a383c4f0__b8e5d0a6ba.png,train,0,0,659,1024
full_synthetic_045082,data/cache/sid/train/full_synthetic_045082__e7c029a1a3.png,train,1,1,1024,1024
45dd2bef74537a0a,data/cache/sid/train/45dd2bef74537a0a__3f5dab581f.png,train,0,0,1024,828
full_synthetic_069731,data/cache/sid/train/full_synthetic_069731__02228514a9.png,train,1,1,1024,1024
full_synthetic_026591,data/cache/sid/train/full_synthetic_026591__8aecd87499.png,train,1,1,1024,1024
6b294b1a8ae983f2,data/cache/sid/train/6b294b1a8ae983f2__41b42fdb7e.png,train,0,0,1024,681
f079594b41c95b46,data/cache/sid/train/f079594b41c95b46__0997e708e8.png,train,0,0,1024,680
8bba3cf336ff2f56,data/cache/sid/train/8bba3cf336ff2f56__75305522ef.png,train,0,0,1024,857
full_synthetic_065343,data/cache/sid/train/full_synthetic_065343__42a30549f7.png,train,1,1,1024,1024
full_synthetic_039469,data/cache/sid/train/full_synthetic_039469__ffdce009e4.png,train,1,1,1024,1024
full_synthetic_052946,data/cache/sid/train/full_synthetic_052946__85cfab962b.png,train,1,1,1024,1024
33f4cb2943116269,data/cache/sid/train/33f4cb2943116269__d391043f26.png,train,0,0,1024,879
e9c4215a9cb279e4,data/cache/sid/train/e9c4215a9cb279e4__c8d0017aa9.png,train,0,0,1024,683
full_synthetic_038725,data/cache/sid/train/full_synthetic_038725__d38e34a724.png,train,1,1,1024,1024
15e8c9114a486a44,data/cache/sid/train/15e8c9114a486a44__f710a8ea12.png,train,0,0,930,1024
b733ce2e5a10f893,data/cache/sid/train/b733ce2e5a10f893__9ae5b5407a.png,train,0,0,1024,768
full_synthetic_003325,data/cache/sid/train/full_synthetic_003325__b61914fcc4.png,train,1,1,1024,1024
cf4f47e4210d88b6,data/cache/sid/train/cf4f47e4210d88b6__e355791fc3.png,train,0,0,1024,768
full_synthetic_061903,data/cache/sid/train/full_synthetic_061903__c55722cebb.png,train,1,1,1024,1024
48bc6d39e6587949,data/cache/sid/train/48bc6d39e6587949__7c452f13a4.png,train,0,0,1024,556
6ef7ec175b3eb8e0,data/cache/sid/train/6ef7ec175b3eb8e0__b4feb8f26e.png,train,0,0,1024,737
36ec09a853db01ed,data/cache/sid/train/36ec09a853db01ed__cc379248e4.png,train,0,0,768,1024
full_synthetic_052150,data/cache/sid/train/full_synthetic_052150__99bb17afe2.png,train,1,1,1024,1024
669b5b94c1b6bb0e,data/cache/sid/train/669b5b94c1b6bb0e__421682bc6a.png,train,0,0,1024,680
78a8cfa6c2a99973,data/cache/sid/train/78a8cfa6c2a99973__e5cee9144f.png,train,0,0,1024,680
d34ad79fc1c51e70,data/cache/sid/train/d34ad79fc1c51e70__be7bc6442a.png,train,0,0,1024,1024
full_synthetic_002928,data/cache/sid/train/full_synthetic_002928__f0a0577983.png,train,1,1,1024,1024
dee392cfaab7be94,data/cache/sid/train/dee392cfaab7be94__516632ceb3.png,train,0,0,1024,768
full_synthetic_043391,data/cache/sid/train/full_synthetic_043391__722a0324ea.png,train,1,1,1024,1024
full_synthetic_019781,data/cache/sid/train/full_synthetic_019781__d6607b0301.png,train,1,1,1024,1024
full_synthetic_005872,data/cache/sid/train/full_synthetic_005872__3f1a88f07e.png,train,1,1,1024,1024
47644706921578b0,data/cache/sid/train/47644706921578b0__2b769ec595.png,train,0,0,1024,683
full_synthetic_003020,data/cache/sid/train/full_synthetic_003020__3be166102d.png,train,1,1,1024,1024
full_synthetic_064858,data/cache/sid/train/full_synthetic_064858__0a3e7e0d2b.png,train,1,1,1024,1024
full_synthetic_061555,data/cache/sid/train/full_synthetic_061555__96b7d53fec.png,train,1,1,1024,1024
full_synthetic_011144,data/cache/sid/train/full_synthetic_011144__79c2897c31.png,train,1,1,1024,1024
full_synthetic_035878,data/cache/sid/train/full_synthetic_035878__3de3166dff.png,train,1,1,1024,1024
full_synthetic_047775,data/cache/sid/train/full_synthetic_047775__fd65a166b2.png,train,1,1,1024,1024
full_synthetic_010820,data/cache/sid/train/full_synthetic_010820__471133f38b.png,train,1,1,1024,1024
1e4917d0a0d25022,data/cache/sid/train/1e4917d0a0d25022__ba9b44f25d.png,train,0,0,1024,731
full_synthetic_052640,data/cache/sid/train/full_synthetic_052640__0d53ca128c.png,train,1,1,1024,1024
full_synthetic_012672,data/cache/sid/train/full_synthetic_012672__62e080f72c.png,train,1,1,1024,1024
3a43e48205045cdd,data/cache/sid/train/3a43e48205045cdd__c594fe7b5c.png,train,0,0,1024,680
4e577f086977e58e,data/cache/sid/train/4e577f086977e58e__f736ff45ae.png,train,0,0,768,1024
full_synthetic_015076,data/cache/sid/train/full_synthetic_015076__18869deea8.png,train,1,1,1024,1024
3247cf7ce75a2587,data/cache/sid/train/3247cf7ce75a2587__ce649764fa.png,train,0,0,1024,685
full_synthetic_026480,data/cache/sid/train/full_synthetic_026480__8bcf6de4d1.png,train,1,1,1024,1024
full_synthetic_043489,data/cache/sid/train/full_synthetic_043489__bdc4b57b1f.png,train,1,1,1024,1024
eaa2c5261b90daf8,data/cache/sid/train/eaa2c5261b90daf8__93511edd12.png,train,0,0,1024,683
ae1364782b3a872e,data/cache/sid/train/ae1364782b3a872e__e6cf73e436.png,train,0,0,1024,683
full_synthetic_028750,data/cache/sid/train/full_synthetic_028750__4fe5718f36.png,train,1,1,1024,1024
full_synthetic_052539,data/cache/sid/train/full_synthetic_052539__ec7a28c31a.png,train,1,1,1024,1024
full_synthetic_006454,data/cache/sid/train/full_synthetic_006454__950a085b8e.png,train,1,1,1024,1024
78b11aff9aa1e0df,data/cache/sid/train/78b11aff9aa1e0df__6e4a95c713.png,train,0,0,1024,681
full_synthetic_066086,data/cache/sid/train/full_synthetic_066086__14a3454d25.png,train,1,1,1024,1024
c7cb21a57c92e7be,data/cache/sid/train/c7cb21a57c92e7be__2702cc41cf.png,train,0,0,1024,683
full_synthetic_069498,data/cache/sid/train/full_synthetic_069498__e2d4484f7f.png,train,1,1,1024,1024
a74eeca9a3dabb4f,data/cache/sid/train/a74eeca9a3dabb4f__85cd04691c.png,train,0,0,1024,683
ddf1616829498d87,data/cache/sid/train/ddf1616829498d87__a6e6388b9c.png,train,0,0,1024,678
full_synthetic_000986,data/cache/sid/train/full_synthetic_000986__55e449fc01.png,train,1,1,1024,1024
full_synthetic_032650,data/cache/sid/train/full_synthetic_032650__333d006a4b.png,train,1,1,1024,1024
full_synthetic_042733,data/cache/sid/train/full_synthetic_042733__74a3293186.png,train,1,1,1024,1024
7013600eb76b41e0,data/cache/sid/train/7013600eb76b41e0__bde4e93284.png,train,0,0,1024,683
full_synthetic_060102,data/cache/sid/train/full_synthetic_060102__edd705b6fb.png,train,1,1,1024,1024
350dd5255ddf2238,data/cache/sid/train/350dd5255ddf2238__a8aa703f35.png,train,0,0,1024,1024
ac316f14c9fcf3b1,data/cache/sid/train/ac316f14c9fcf3b1__1ab624dd88.png,train,0,0,1024,724
cb583b4b0950703e,data/cache/sid/train/cb583b4b0950703e__8280e670ad.png,train,0,0,683,1024
23aac5ffc2b4a0e2,data/cache/sid/train/23aac5ffc2b4a0e2__82a9b0b887.png,train,0,0,1024,682
91fddff72e4dd09f,data/cache/sid/train/91fddff72e4dd09f__55c66e5ae2.png,train,0,0,1024,676
full_synthetic_069372,data/cache/sid/train/full_synthetic_069372__b1f5ff9a90.png,train,1,1,1024,1024
22e32bc83f6625d2,data/cache/sid/train/22e32bc83f6625d2__406ed40059.png,train,0,0,1024,768
4c0c3fbadc704881,data/cache/sid/train/4c0c3fbadc704881__b92c06bfa2.png,train,0,0,1024,679
full_synthetic_059729,data/cache/sid/train/full_synthetic_059729__c5630db1a8.png,train,1,1,1024,1024
full_synthetic_027056,data/cache/sid/train/full_synthetic_027056__f2189cf58f.png,train,1,1,1024,1024
full_synthetic_042474,data/cache/sid/train/full_synthetic_042474__533e4a9bd2.png,train,1,1,1024,1024
full_synthetic_024452,data/cache/sid/train/full_synthetic_024452__c5c746c4ab.png,train,1,1,1024,1024
full_synthetic_061634,data/cache/sid/train/full_synthetic_061634__c5cd2dc808.png,train,1,1,1024,1024
f1735c03e40ee5c0,data/cache/sid/train/f1735c03e40ee5c0__237f493a73.png,train,0,0,1024,683
full_synthetic_062223,data/cache/sid/train/full_synthetic_062223__854f08c70b.png,train,1,1,1024,1024
2a4d5d0f4cf49c54,data/cache/sid/train/2a4d5d0f4cf49c54__975ba250f6.png,train,0,0,1024,683
full_synthetic_056118,data/cache/sid/train/full_synthetic_056118__774df49595.png,train,1,1,1024,1024
full_synthetic_033448,data/cache/sid/train/full_synthetic_033448__aedc29e30b.png,train,1,1,1024,1024
73611ff68b930f1f,data/cache/sid/train/73611ff68b930f1f__851f488779.png,train,0,0,1024,768
4bf94ba3d5867cea,data/cache/sid/train/4bf94ba3d5867cea__12cee2a0d9.png,train,0,0,1024,683
full_synthetic_046688,data/cache/sid/train/full_synthetic_046688__c247d4b496.png,train,1,1,1024,1024
2d7863eb985ca795,data/cache/sid/train/2d7863eb985ca795__1c7be20ea3.png,train,0,0,1024,692
full_synthetic_004939,data/cache/sid/train/full_synthetic_004939__3549b52678.png,train,1,1,1024,1024
full_synthetic_002951,data/cache/sid/train/full_synthetic_002951__87f2b0bda7.png,train,1,1,1024,1024
full_synthetic_008609,data/cache/sid/train/full_synthetic_008609__2237e7c7d4.png,train,1,1,1024,1024
full_synthetic_068795,data/cache/sid/train/full_synthetic_068795__2110e6773d.png,train,1,1,1024,1024
c132179f357bccf7,data/cache/sid/train/c132179f357bccf7__3f37268b3c.png,train,0,0,1024,576
full_synthetic_054357,data/cache/sid/train/full_synthetic_054357__14129f9630.png,train,1,1,1024,1024
full_synthetic_015786,data/cache/sid/train/full_synthetic_015786__bee0d5f127.png,train,1,1,1024,1024
full_synthetic_059800,data/cache/sid/train/full_synthetic_059800__f4e65034ba.png,train,1,1,1024,1024
06a49a893e742cbb,data/cache/sid/train/06a49a893e742cbb__d34c123492.png,train,0,0,1024,680
bf7a5c063f449ab2,data/cache/sid/train/bf7a5c063f449ab2__0711ab14eb.png,train,0,0,683,1024
bc9dfa5f65e94e4a,data/cache/sid/train/bc9dfa5f65e94e4a__d4e90ed77e.png,train,0,0,1024,695
c682db8128e4ac12,data/cache/sid/train/c682db8128e4ac12__3cc0fac604.png,train,0,0,683,1024
1cdfba9d26de9fd8,data/cache/sid/train/1cdfba9d26de9fd8__bbab917059.png,train,0,0,1024,684
full_synthetic_044840,data/cache/sid/train/full_synthetic_044840__77bef409e3.png,train,1,1,1024,1024
7b9f9cc701cc997b,data/cache/sid/train/7b9f9cc701cc997b__46e90ebb61.png,train,0,0,1024,768
aaf84e70e1425e18,data/cache/sid/train/aaf84e70e1425e18__b69182afa4.png,train,0,0,1024,768
full_synthetic_037498,data/cache/sid/train/full_synthetic_037498__3f25a40754.png,train,1,1,1024,1024
full_synthetic_020973,data/cache/sid/train/full_synthetic_020973__b600dea292.png,train,1,1,1024,1024
c79a03572fefa9b0,data/cache/sid/train/c79a03572fefa9b0__08f2167e37.png,train,0,0,768,1024
full_synthetic_065753,data/cache/sid/train/full_synthetic_065753__b0634cb31e.png,train,1,1,1024,1024
dcc1b5bf8d777e56,data/cache/sid/train/dcc1b5bf8d777e56__95f356e21f.png,train,0,0,1024,649
a5bc09a76dd9f966,data/cache/sid/train/a5bc09a76dd9f966__3a4af761df.png,train,0,0,1024,1024
7c65a495354c38e1,data/cache/sid/train/7c65a495354c38e1__5a586a1844.png,train,0,0,1024,678
full_synthetic_050198,data/cache/sid/train/full_synthetic_050198__1a89d7a510.png,train,1,1,1024,1024
full_synthetic_045375,data/cache/sid/train/full_synthetic_045375__15f5656fcb.png,train,1,1,1024,1024
full_synthetic_061614,data/cache/sid/train/full_synthetic_061614__8bdde48150.png,train,1,1,1024,1024
full_synthetic_023151,data/cache/sid/train/full_synthetic_023151__f7ee93dbcf.png,train,1,1,1024,1024
full_synthetic_001362,data/cache/sid/train/full_synthetic_001362__42f21407b0.png,train,1,1,1024,1024
8be122af6bbda951,data/cache/sid/train/8be122af6bbda951__f6551f115a.png,train,0,0,1024,768
full_synthetic_049611,data/cache/sid/train/full_synthetic_049611__42bd4387f6.png,train,1,1,1024,1024
26a743ca686fb20e,data/cache/sid/train/26a743ca686fb20e__94ec3b6ea4.png,train,0,0,768,768
6d3f49acf856b18b,data/cache/sid/train/6d3f49acf856b18b__381b26e91c.png,train,0,0,1024,994
full_synthetic_024289,data/cache/sid/train/full_synthetic_024289__e540ef6121.png,train,1,1,1024,1024
full_synthetic_029330,data/cache/sid/train/full_synthetic_029330__fb556ee772.png,train,1,1,1024,1024
full_synthetic_019173,data/cache/sid/train/full_synthetic_019173__f3b37418e6.png,train,1,1,1024,1024
827a4ff0a3cee709,data/cache/sid/train/827a4ff0a3cee709__dc51425f1a.png,train,0,0,1024,1024
23c1390247cefb59,data/cache/sid/train/23c1390247cefb59__d4436e7c56.png,train,0,0,1024,768
full_synthetic_061218,data/cache/sid/train/full_synthetic_061218__040b415874.png,train,1,1,1024,1024
7ecf81ba168e70c9,data/cache/sid/train/7ecf81ba168e70c9__8d0b08dfef.png,train,0,0,1024,683
full_synthetic_044256,data/cache/sid/train/full_synthetic_044256__053fb27209.png,train,1,1,1024,1024
full_synthetic_068221,data/cache/sid/train/full_synthetic_068221__58ca5c0467.png,train,1,1,1024,1024
full_synthetic_025507,data/cache/sid/train/full_synthetic_025507__4d9bc99214.png,train,1,1,1024,1024
full_synthetic_064350,data/cache/sid/train/full_synthetic_064350__0d2f765ab8.png,train,1,1,1024,1024
full_synthetic_007591,data/cache/sid/train/full_synthetic_007591__eefdb3c371.png,train,1,1,1024,1024
ea44b64cb8bc617a,data/cache/sid/train/ea44b64cb8bc617a__0d70896fa8.png,train,0,0,1024,682
bd47a3156fbeccc6,data/cache/sid/train/bd47a3156fbeccc6__49a6fe581e.png,train,0,0,767,1024
f6383422ff7bd7da,data/cache/sid/train/f6383422ff7bd7da__0d54d51d58.png,train,0,0,1024,576
full_synthetic_018698,data/cache/sid/train/full_synthetic_018698__3d2f14d85e.png,train,1,1,1024,1024
full_synthetic_008210,data/cache/sid/train/full_synthetic_008210__b373b05f34.png,train,1,1,1024,1024
full_synthetic_053833,data/cache/sid/train/full_synthetic_053833__d37aaa6f2a.png,train,1,1,1024,1024
95ff9cac37abd304,data/cache/sid/train/95ff9cac37abd304__952d8b3b09.png,train,0,0,1024,680
c438c46fb6217b0c,data/cache/sid/train/c438c46fb6217b0c__438b91f598.png,train,0,0,1024,1024
full_synthetic_015528,data/cache/sid/train/full_synthetic_015528__659ab71013.png,train,1,1,1024,1024
full_synthetic_040769,data/cache/sid/train/full_synthetic_040769__da423344da.png,train,1,1,1024,1024
5e7ed64f9971b5ed,data/cache/sid/train/5e7ed64f9971b5ed__f09862e96b.png,train,0,0,1024,679
full_synthetic_004564,data/cache/sid/train/full_synthetic_004564__1d0617ce88.png,train,1,1,1024,1024
full_synthetic_052749,data/cache/sid/train/full_synthetic_052749__5c6518d113.png,train,1,1,1024,1024
full_synthetic_031171,data/cache/sid/train/full_synthetic_031171__cd1bbfa1ce.png,train,1,1,1024,1024
e4e339e37e28190b,data/cache/sid/train/e4e339e37e28190b__e4bbd5b3d1.png,train,0,0,1024,683
52d6e274bd3df734,data/cache/sid/train/52d6e274bd3df734__4e7a6074d9.png,train,0,0,1024,683
full_synthetic_038981,data/cache/sid/train/full_synthetic_038981__bac8f2e2f2.png,train,1,1,1024,1024
fca8a0d82582c4e9,data/cache/sid/train/fca8a0d82582c4e9__697fcb8407.png,train,0,0,1024,768
7d11cb044071afe1,data/cache/sid/train/7d11cb044071afe1__237c83a9c8.png,train,0,0,1024,683
full_synthetic_018330,data/cache/sid/train/full_synthetic_018330__f5ed7e3af7.png,train,1,1,1024,1024
full_synthetic_023739,data/cache/sid/train/full_synthetic_023739__735d0a4fbb.png,train,1,1,1024,1024
full_synthetic_035843,data/cache/sid/train/full_synthetic_035843__774454ed28.png,train,1,1,1024,1024
3f5a850c4ff6a308,data/cache/sid/train/3f5a850c4ff6a308__0c1fc6d119.png,train,0,0,1024,683
ab9cfbf0e5ace581,data/cache/sid/train/ab9cfbf0e5ace581__996d130692.png,train,0,0,1024,672
full_synthetic_006918,data/cache/sid/train/full_synthetic_006918__2ba41f18b9.png,train,1,1,1024,1024
d101354878a83283,data/cache/sid/train/d101354878a83283__734ffff091.png,train,0,0,1024,768
30ff8be759ce8d0e,data/cache/sid/train/30ff8be759ce8d0e__1247e2226d.png,train,0,0,1024,575
2cb6ea1c99c28afc,data/cache/sid/train/2cb6ea1c99c28afc__2cf0b916f2.png,train,0,0,1024,1024
full_synthetic_014767,data/cache/sid/train/full_synthetic_014767__b15dca6f58.png,train,1,1,1024,1024
61f49ddc22e8a7cb,data/cache/sid/train/61f49ddc22e8a7cb__472488e70c.png,train,0,0,1024,683
b3cf30afccb27a80,data/cache/sid/train/b3cf30afccb27a80__e28b296963.png,train,0,0,1024,683
9d84457444cb6778,data/cache/sid/train/9d84457444cb6778__8f6416d06a.png,train,0,0,1024,768
full_synthetic_043158,data/cache/sid/train/full_synthetic_043158__5a03b39aa4.png,train,1,1,1024,1024
full_synthetic_035544,data/cache/sid/train/full_synthetic_035544__ab0fff89df.png,train,1,1,1024,1024
b919ad89e2bb955c,data/cache/sid/train/b919ad89e2bb955c__fe878df903.png,train,0,0,683,1024
full_synthetic_023833,data/cache/sid/train/full_synthetic_023833__624b1e1c72.png,train,1,1,1024,1024
full_synthetic_043119,data/cache/sid/train/full_synthetic_043119__266f16d0c6.png,train,1,1,1024,1024
full_synthetic_008390,data/cache/sid/train/full_synthetic_008390__4dcc51e814.png,train,1,1,1024,1024
full_synthetic_010520,data/cache/sid/train/full_synthetic_010520__1380e31d27.png,train,1,1,1024,1024
full_synthetic_065360,data/cache/sid/train/full_synthetic_065360__03a864a3e0.png,train,1,1,1024,1024
full_synthetic_018882,data/cache/sid/train/full_synthetic_018882__c7638d9945.png,train,1,1,1024,1024
38853cda36ea778a,data/cache/sid/train/38853cda36ea778a__d648244151.png,train,0,0,768,1024
b60b71a9d1c89cfb,data/cache/sid/train/b60b71a9d1c89cfb__a6137ec889.png,train,0,0,1024,768
full_synthetic_065266,data/cache/sid/train/full_synthetic_065266__6436d27355.png,train,1,1,1024,1024
full_synthetic_040100,data/cache/sid/train/full_synthetic_040100__f563f083c9.png,train,1,1,1024,1024
full_synthetic_015726,data/cache/sid/train/full_synthetic_015726__8c136ee9a0.png,train,1,1,1024,1024
full_synthetic_062237,data/cache/sid/train/full_synthetic_062237__053938a0ed.png,train,1,1,1024,1024
full_synthetic_019548,data/cache/sid/train/full_synthetic_019548__04c1718abb.png,train,1,1,1024,1024
full_synthetic_005801,data/cache/sid/train/full_synthetic_005801__9d6066dad5.png,train,1,1,1024,1024
ed8736e5ad2e3f1b,data/cache/sid/train/ed8736e5ad2e3f1b__317182fe46.png,train,0,0,1024,577
full_synthetic_038119,data/cache/sid/train/full_synthetic_038119__010306ad92.png,train,1,1,1024,1024
ef4bb0751cb62cf0,data/cache/sid/train/ef4bb0751cb62cf0__a1f99d4f33.png,train,0,0,1024,768
0c6195b616853858,data/cache/sid/train/0c6195b616853858__ca0cc94782.png,train,0,0,1024,768
full_synthetic_004427,data/cache/sid/train/full_synthetic_004427__6bcf4ba14f.png,train,1,1,1024,1024
full_synthetic_041420,data/cache/sid/train/full_synthetic_041420__8d4a9d4c89.png,train,1,1,1024,1024
2606d73c49eb785c,data/cache/sid/train/2606d73c49eb785c__cfa078ccb7.png,train,0,0,1024,681
839ebb53b1d14973,data/cache/sid/train/839ebb53b1d14973__c3784f3f91.png,train,0,0,1024,768
full_synthetic_052736,data/cache/sid/train/full_synthetic_052736__4a9bbcf254.png,train,1,1,1024,1024
423877bd8166887a,data/cache/sid/train/423877bd8166887a__fdc1b7a781.png,train,0,0,768,1024
full_synthetic_067240,data/cache/sid/train/full_synthetic_067240__d4ebbaba6c.png,train,1,1,1024,1024
dde903ae9534e848,data/cache/sid/train/dde903ae9534e848__39712429fd.png,train,0,0,1024,683
full_synthetic_001514,data/cache/sid/train/full_synthetic_001514__721d7e309a.png,train,1,1,1024,1024
full_synthetic_034326,data/cache/sid/train/full_synthetic_034326__1faf94c384.png,train,1,1,1024,1024
full_synthetic_053718,data/cache/sid/train/full_synthetic_053718__e661fc897a.png,train,1,1,1024,1024
3e8dd2ea0f673221,data/cache/sid/train/3e8dd2ea0f673221__5ca2c0d05a.png,train,0,0,1024,768
18226f02a235542f,data/cache/sid/train/18226f02a235542f__b267d71de4.png,train,0,0,1024,683
full_synthetic_069820,data/cache/sid/train/full_synthetic_069820__a628201767.png,train,1,1,1024,1024
full_synthetic_030633,data/cache/sid/train/full_synthetic_030633__5bd0d58bbb.png,train,1,1,1024,1024
full_synthetic_058900,data/cache/sid/train/full_synthetic_058900__ca2bc59bef.png,train,1,1,1024,1024
f21cf1f985b71dbb,data/cache/sid/train/f21cf1f985b71dbb__666798c0a4.png,train,0,0,1024,685
full_synthetic_045908,data/cache/sid/train/full_synthetic_045908__9cc5fea56a.png,train,1,1,1024,1024
full_synthetic_005682,data/cache/sid/train/full_synthetic_005682__9d5d2d023c.png,train,1,1,1024,1024
full_synthetic_011044,data/cache/sid/train/full_synthetic_011044__e3e8605c3a.png,train,1,1,1024,1024
full_synthetic_056619,data/cache/sid/train/full_synthetic_056619__90f1ecc178.png,train,1,1,1024,1024
298e5b5a9c635b70,data/cache/sid/train/298e5b5a9c635b70__825b513dc9.png,train,0,0,1024,575
0025f55cd14a317f,data/cache/sid/train/0025f55cd14a317f__16aa1993a2.png,train,0,0,1024,768
9746b8d044151aee,data/cache/sid/train/9746b8d044151aee__abf023c2e6.png,train,0,0,1024,768
full_synthetic_038024,data/cache/sid/train/full_synthetic_038024__19e76af6ef.png,train,1,1,1024,1024
ec071a3c28d4398e,data/cache/sid/train/ec071a3c28d4398e__a35171cb7b.png,train,0,0,1024,768
full_synthetic_055258,data/cache/sid/train/full_synthetic_055258__02858aac42.png,train,1,1,1024,1024
full_synthetic_061894,data/cache/sid/train/full_synthetic_061894__6f75953abc.png,train,1,1,1024,1024
full_synthetic_013227,data/cache/sid/train/full_synthetic_013227__9284fe9de4.png,train,1,1,1024,1024
full_synthetic_027389,data/cache/sid/train/full_synthetic_027389__e18f1c1e17.png,train,1,1,1024,1024
full_synthetic_067064,data/cache/sid/train/full_synthetic_067064__fd27e5a529.png,train,1,1,1024,1024
11fbc2291ba1fb1f,data/cache/sid/train/11fbc2291ba1fb1f__5aed7ef225.png,train,0,0,1024,678
full_synthetic_055279,data/cache/sid/train/full_synthetic_055279__a677df1591.png,train,1,1,1024,1024
full_synthetic_066100,data/cache/sid/train/full_synthetic_066100__9623aed030.png,train,1,1,1024,1024
3ff4491f9a9fe864,data/cache/sid/train/3ff4491f9a9fe864__64a00a269e.png,train,0,0,1024,768
full_synthetic_013557,data/cache/sid/train/full_synthetic_013557__9d21693008.png,train,1,1,1024,1024
1ac4a06076ef4df8,data/cache/sid/train/1ac4a06076ef4df8__45cbd17dcc.png,train,0,0,1024,681
full_synthetic_063866,data/cache/sid/train/full_synthetic_063866__57e376d48e.png,train,1,1,1024,1024
full_synthetic_052319,data/cache/sid/train/full_synthetic_052319__b6be2b2dca.png,train,1,1,1024,1024
full_synthetic_030474,data/cache/sid/train/full_synthetic_030474__25b365d71a.png,train,1,1,1024,1024
1cb8609a025f171d,data/cache/sid/train/1cb8609a025f171d__b83038dd09.png,train,0,0,667,1024
1aed0829b05ad8b2,data/cache/sid/train/1aed0829b05ad8b2__210a584f96.png,train,0,0,1024,765
b90e7d4589d8e7a3,data/cache/sid/train/b90e7d4589d8e7a3__8cb15ed85d.png,train,0,0,1024,523
full_synthetic_029357,data/cache/sid/train/full_synthetic_029357__76bec9fdbb.png,train,1,1,1024,1024
3b127697f105b565,data/cache/sid/train/3b127697f105b565__2a92831978.png,train,0,0,683,1024
2dc96e1564ab151e,data/cache/sid/train/2dc96e1564ab151e__4a7f39646d.png,train,0,0,684,1024
full_synthetic_017018,data/cache/sid/train/full_synthetic_017018__0eb4d5f794.png,train,1,1,1024,1024
a9ae16f2a7796217,data/cache/sid/train/a9ae16f2a7796217__6bd5d3cb03.png,train,0,0,1024,768
full_synthetic_055485,data/cache/sid/train/full_synthetic_055485__ced36c872f.png,train,1,1,1024,1024
full_synthetic_063397,data/cache/sid/train/full_synthetic_063397__2276e3e88b.png,train,1,1,1024,1024
84463b8e90456546,data/cache/sid/train/84463b8e90456546__c5ef137393.png,train,0,0,1024,768
full_synthetic_064743,data/cache/sid/train/full_synthetic_064743__dd092b67bb.png,train,1,1,1024,1024
80437bb70bae76ed,data/cache/sid/train/80437bb70bae76ed__7693b94d2e.png,train,0,0,1024,681
full_synthetic_010216,data/cache/sid/train/full_synthetic_010216__7b09d06282.png,train,1,1,1024,1024
full_synthetic_007407,data/cache/sid/train/full_synthetic_007407__557f7081c5.png,train,1,1,1024,1024
6f5de24da4028b49,data/cache/sid/train/6f5de24da4028b49__578c566cf2.png,train,0,0,683,1024
full_synthetic_005186,data/cache/sid/train/full_synthetic_005186__6f366a02c3.png,train,1,1,1024,1024
full_synthetic_047798,data/cache/sid/train/full_synthetic_047798__9b4da4f7d8.png,train,1,1,1024,1024
full_synthetic_066839,data/cache/sid/train/full_synthetic_066839__10dc62302e.png,train,1,1,1024,1024
6a57bb1dddf5471f,data/cache/sid/train/6a57bb1dddf5471f__c0e488d7c4.png,train,0,0,1024,1024
6d0795ac757774b1,data/cache/sid/train/6d0795ac757774b1__e49b023774.png,train,0,0,1024,768
c4566d1bd27cc579,data/cache/sid/train/c4566d1bd27cc579__a6b45cb78b.png,train,0,0,1024,768
f785ffafc2246df2,data/cache/sid/train/f785ffafc2246df2__303f206fc6.png,train,0,0,681,1024
full_synthetic_051248,data/cache/sid/train/full_synthetic_051248__0c84e0d5f9.png,train,1,1,1024,1024
full_synthetic_003181,data/cache/sid/train/full_synthetic_003181__1af8b66225.png,train,1,1,1024,1024
cc0e6ba4a9e5a495,data/cache/sid/train/cc0e6ba4a9e5a495__d54d299ed5.png,train,0,0,1024,681
08e262da0986ae27,data/cache/sid/train/08e262da0986ae27__8d57b28a81.png,train,0,0,683,1024
full_synthetic_027970,data/cache/sid/train/full_synthetic_027970__f730f3eced.png,train,1,1,1024,1024
full_synthetic_052522,data/cache/sid/train/full_synthetic_052522__ee116d94c7.png,train,1,1,1024,1024
a9bd7e2468a796f9,data/cache/sid/train/a9bd7e2468a796f9__b2172c1f15.png,train,0,0,1024,683
f915559e84de6c94,data/cache/sid/train/f915559e84de6c94__a7ec7a6058.png,train,0,0,1024,740
full_synthetic_065380,data/cache/sid/train/full_synthetic_065380__a446cb9a29.png,train,1,1,1024,1024
full_synthetic_006686,data/cache/sid/train/full_synthetic_006686__c9293fa5fa.png,train,1,1,1024,1024
79f1e20065169040,data/cache/sid/train/79f1e20065169040__77baedddb0.png,train,0,0,813,1024
a2f6215451ccd9bd,data/cache/sid/train/a2f6215451ccd9bd__6f592f00e6.png,train,0,0,960,768
4a467b5981d693ee,data/cache/sid/train/4a467b5981d693ee__f32c7bc210.png,train,0,0,862,768
8abd1eba467af0d1,data/cache/sid/train/8abd1eba467af0d1__91ab91e59f.png,train,0,0,1024,577
full_synthetic_033163,data/cache/sid/train/full_synthetic_033163__ef9032e0e7.png,train,1,1,1024,1024
full_synthetic_023679,data/cache/sid/train/full_synthetic_023679__1bad336fb2.png,train,1,1,1024,1024
d44193fedb5dcdf8,data/cache/sid/train/d44193fedb5dcdf8__0701e65e1c.png,train,0,0,768,1024
4d548f01cc84a72c,data/cache/sid/train/4d548f01cc84a72c__4cc7aee92a.png,train,0,0,768,1024
full_synthetic_010461,data/cache/sid/train/full_synthetic_010461__154990bede.png,train,1,1,1024,1024
039fc4c212aae2bf,data/cache/sid/train/039fc4c212aae2bf__5def9b6707.png,train,0,0,1024,678
40769bb9ce21ba58,data/cache/sid/train/40769bb9ce21ba58__8c5aa126c0.png,train,0,0,1024,768
full_synthetic_012768,data/cache/sid/train/full_synthetic_012768__2ca8d5a9cf.png,train,1,1,1024,1024
6129b9ddaebe632d,data/cache/sid/train/6129b9ddaebe632d__2ab6309c14.png,train,0,0,1024,1024
full_synthetic_001171,data/cache/sid/train/full_synthetic_001171__1c193028f3.png,train,1,1,1024,1024
2527357d685b8b4b,data/cache/sid/train/2527357d685b8b4b__621eebe74c.png,train,0,0,1024,683
8419b7c19579a566,data/cache/sid/train/8419b7c19579a566__180c98c2c9.png,train,0,0,782,1024
2e377276296e29c6,data/cache/sid/train/2e377276296e29c6__22575249ed.png,train,0,0,683,1024
full_synthetic_063202,data/cache/sid/train/full_synthetic_063202__e6ffac4292.png,train,1,1,1024,1024
0002af997ecdfcf4,data/cache/sid/train/0002af997ecdfcf4__b8eb789893.png,train,0,0,1024,576
full_synthetic_037540,data/cache/sid/train/full_synthetic_037540__688a9f51de.png,train,1,1,1024,1024
full_synthetic_039858,data/cache/sid/train/full_synthetic_039858__4c92d44c9b.png,train,1,1,1024,1024
full_synthetic_033154,data/cache/sid/train/full_synthetic_033154__a1a7afb690.png,train,1,1,1024,1024
full_synthetic_041187,data/cache/sid/train/full_synthetic_041187__bc9d6f27d6.png,train,1,1,1024,1024
full_synthetic_060882,data/cache/sid/train/full_synthetic_060882__7c35503c5e.png,train,1,1,1024,1024
full_synthetic_069184,data/cache/sid/train/full_synthetic_069184__edc0dd7797.png,train,1,1,1024,1024
full_synthetic_048188,data/cache/sid/train/full_synthetic_048188__386a5abf3c.png,train,1,1,1024,1024
9b7036d62a4ba7b5,data/cache/sid/train/9b7036d62a4ba7b5__7787c32e2f.png,train,0,0,1024,680
full_synthetic_062453,data/cache/sid/train/full_synthetic_062453__51e43e838d.png,train,1,1,1024,1024
full_synthetic_032768,data/cache/sid/train/full_synthetic_032768__dc932afe79.png,train,1,1,1024,1024
full_synthetic_034981,data/cache/sid/train/full_synthetic_034981__380762083a.png,train,1,1,1024,1024
66d6c6950aa1be8f,data/cache/sid/train/66d6c6950aa1be8f__0b191c5c0c.png,train,0,0,1024,768
full_synthetic_040967,data/cache/sid/train/full_synthetic_040967__e3d3d28e4e.png,train,1,1,1024,1024
full_synthetic_053429,data/cache/sid/train/full_synthetic_053429__7ef4359661.png,train,1,1,1024,1024
e0eefe5107b649dd,data/cache/sid/train/e0eefe5107b649dd__d668eff5d3.png,train,0,0,1024,768
b9ea98a6e4a13cd9,data/cache/sid/train/b9ea98a6e4a13cd9__77c811977f.png,train,0,0,1024,680
full_synthetic_055917,data/cache/sid/train/full_synthetic_055917__c2657f118a.png,train,1,1,1024,1024
97c735f24d1822c4,data/cache/sid/train/97c735f24d1822c4__863c41ff11.png,train,0,0,1024,682
full_synthetic_050247,data/cache/sid/train/full_synthetic_050247__725299de5e.png,train,1,1,1024,1024
full_synthetic_033168,data/cache/sid/train/full_synthetic_033168__2f9cb3ca93.png,train,1,1,1024,1024
full_synthetic_011776,data/cache/sid/train/full_synthetic_011776__a7a63e859e.png,train,1,1,1024,1024
full_synthetic_032250,data/cache/sid/train/full_synthetic_032250__d22ef5884c.png,train,1,1,1024,1024
full_synthetic_047580,data/cache/sid/train/full_synthetic_047580__746576ebe4.png,train,1,1,1024,1024
53d4c2f1425b9f1a,data/cache/sid/train/53d4c2f1425b9f1a__6adaf3fa98.png,train,0,0,1024,768
07a64f3c217a6a5d,data/cache/sid/train/07a64f3c217a6a5d__2ced360aa1.png,train,0,0,1024,683
full_synthetic_013145,data/cache/sid/train/full_synthetic_013145__b7dc4b63ba.png,train,1,1,1024,1024
89e1aa144b3015f1,data/cache/sid/train/89e1aa144b3015f1__7d13f3eb47.png,train,0,0,768,1024
b0307c2827f28f11,data/cache/sid/train/b0307c2827f28f11__6bf01f7e38.png,train,0,0,1024,681
f4d11efd6e2b9138,data/cache/sid/train/f4d11efd6e2b9138__3b78c62873.png,train,0,0,1024,683
7989d9e694f6a052,data/cache/sid/train/7989d9e694f6a052__0f76ee5093.png,train,0,0,1024,683
3fc5e5a7643a3db2,data/cache/sid/train/3fc5e5a7643a3db2__31b9b39343.png,train,0,0,1024,768
full_synthetic_039263,data/cache/sid/train/full_synthetic_039263__414d999d94.png,train,1,1,1024,1024
3923db8a7684ea06,data/cache/sid/train/3923db8a7684ea06__7d3bb3cadc.png,train,0,0,731,1024
full_synthetic_007008,data/cache/sid/train/full_synthetic_007008__e2639b8a80.png,train,1,1,1024,1024
e6d5fa869fa3fbdb,data/cache/sid/train/e6d5fa869fa3fbdb__2eb7e0b835.png,train,0,0,768,1024
full_synthetic_053071,data/cache/sid/train/full_synthetic_053071__9416b3045a.png,train,1,1,1024,1024
dfe625ca80fe6002,data/cache/sid/train/dfe625ca80fe6002__ca06fc7fae.png,train,0,0,1024,768
c7968fdf5e466574,data/cache/sid/train/c7968fdf5e466574__979db7273e.png,train,0,0,1024,683
f2aa3bc8f38f06c0,data/cache/sid/train/f2aa3bc8f38f06c0__422976488e.png,train,0,0,1024,686
5d23dead190893e1,data/cache/sid/train/5d23dead190893e1__4a842e2fef.png,train,0,0,1024,768
aa80c9a50c90338b,data/cache/sid/train/aa80c9a50c90338b__828508fa11.png,train,0,0,683,1024
full_synthetic_021617,data/cache/sid/train/full_synthetic_021617__5f9e34e501.png,train,1,1,1024,1024
full_synthetic_005739,data/cache/sid/train/full_synthetic_005739__2bf521d6a1.png,train,1,1,1024,1024
54641f83273599ea,data/cache/sid/train/54641f83273599ea__d7b285974b.png,train,0,0,1024,795
full_synthetic_012508,data/cache/sid/train/full_synthetic_012508__019a08877b.png,train,1,1,1024,1024
8c5cbe5f36814c44,data/cache/sid/train/8c5cbe5f36814c44__db4304df5c.png,train,0,0,1024,682
a02ac7e13b38f548,data/cache/sid/train/a02ac7e13b38f548__1f942f1666.png,train,0,0,1024,768
30529c2b8e716d25,data/cache/sid/train/30529c2b8e716d25__806ff82860.png,train,0,0,701,1024
full_synthetic_013671,data/cache/sid/train/full_synthetic_013671__e9c2c579eb.png,train,1,1,1024,1024
21e7ededc432b179,data/cache/sid/train/21e7ededc432b179__bc1ab5440c.png,train,0,0,1024,683
f2246a825ebf1ed7,data/cache/sid/train/f2246a825ebf1ed7__c004984e4b.png,train,0,0,1024,768
full_synthetic_005918,data/cache/sid/train/full_synthetic_005918__c9c8c0e377.png,train,1,1,1024,1024
full_synthetic_021399,data/cache/sid/train/full_synthetic_021399__2aa10069e8.png,train,1,1,1024,1024
1809498c59b4a52b,data/cache/sid/train/1809498c59b4a52b__ea81e436a7.png,train,0,0,1024,768
2f57d44daac42e92,data/cache/sid/train/2f57d44daac42e92__10f4b128b1.png,train,0,0,1024,667
full_synthetic_015899,data/cache/sid/train/full_synthetic_015899__746cc8328d.png,train,1,1,1024,1024
17fa9923e0f7a844,data/cache/sid/train/17fa9923e0f7a844__7ae75f4e34.png,train,0,0,1024,682
f65b054281eb08f3,data/cache/sid/train/f65b054281eb08f3__db1ddde807.png,train,0,0,1024,768
full_synthetic_061593,data/cache/sid/train/full_synthetic_061593__f40ef1473f.png,train,1,1,1024,1024
fed074b88a4f957a,data/cache/sid/train/fed074b88a4f957a__5315cf6067.png,train,0,0,681,1024
full_synthetic_069240,data/cache/sid/train/full_synthetic_069240__c3b0bfb68d.png,train,1,1,1024,1024
1bc08bc9451dc054,data/cache/sid/train/1bc08bc9451dc054__0b8b23cdf4.png,train,0,0,1024,683
full_synthetic_038184,data/cache/sid/train/full_synthetic_038184__a976fd6cdd.png,train,1,1,1024,1024
full_synthetic_030582,data/cache/sid/train/full_synthetic_030582__85097cf2ee.png,train,1,1,1024,1024
full_synthetic_017660,data/cache/sid/train/full_synthetic_017660__b1d3644ce2.png,train,1,1,1024,1024
full_synthetic_021308,data/cache/sid/train/full_synthetic_021308__155527d8ca.png,train,1,1,1024,1024
69004de5d643771b,data/cache/sid/train/69004de5d643771b__76716ce596.png,train,0,0,1024,685
6842bffaded935b0,data/cache/sid/train/6842bffaded935b0__7e8be4e182.png,train,0,0,688,1024
005488266cea9a1c,data/cache/sid/train/005488266cea9a1c__5043e86676.png,train,0,0,1024,768
full_synthetic_048545,data/cache/sid/train/full_synthetic_048545__f6b1073701.png,train,1,1,1024,1024
full_synthetic_053502,data/cache/sid/train/full_synthetic_053502__0885706486.png,train,1,1,1024,1024
full_synthetic_053289,data/cache/sid/train/full_synthetic_053289__83626ebae6.png,train,1,1,1024,1024
0457db9b010167c0,data/cache/sid/train/0457db9b010167c0__df58b19c3e.png,train,0,0,1024,768
full_synthetic_050331,data/cache/sid/train/full_synthetic_050331__ab6d1bdc9d.png,train,1,1,1024,1024
341fbe730d29b139,data/cache/sid/train/341fbe730d29b139__cfb61ed7de.png,train,0,0,1024,681
8e7db67fd7c82cc1,data/cache/sid/train/8e7db67fd7c82cc1__e4e71fa1a9.png,train,0,0,1024,682
full_synthetic_064951,data/cache/sid/train/full_synthetic_064951__00ee64a0d8.png,train,1,1,1024,1024
02a657b3b00696a0,data/cache/sid/train/02a657b3b00696a0__eddd817aec.png,train,0,0,1024,661
full_synthetic_069547,data/cache/sid/train/full_synthetic_069547__d89bf605af.png,train,1,1,1024,1024
full_synthetic_009360,data/cache/sid/train/full_synthetic_009360__09426b2c65.png,train,1,1,1024,1024
full_synthetic_026821,data/cache/sid/train/full_synthetic_026821__adac29f7f1.png,train,1,1,1024,1024
90c251c379748565,data/cache/sid/train/90c251c379748565__cda4628924.png,train,0,0,1024,683
full_synthetic_046180,data/cache/sid/train/full_synthetic_046180__3a90bebef8.png,train,1,1,1024,1024
35086c261d363bfa,data/cache/sid/train/35086c261d363bfa__4e67997569.png,train,0,0,1024,683
a8c047bb4694d759,data/cache/sid/train/a8c047bb4694d759__3c7477545b.png,train,0,0,1024,682
full_synthetic_045910,data/cache/sid/train/full_synthetic_045910__caf00b3027.png,train,1,1,1024,1024
5f2198404b63a3e8,data/cache/sid/train/5f2198404b63a3e8__d451c6aaf8.png,train,0,0,1024,686
full_synthetic_021930,data/cache/sid/train/full_synthetic_021930__56656c70db.png,train,1,1,1024,1024
full_synthetic_008110,data/cache/sid/train/full_synthetic_008110__5cef2993c0.png,train,1,1,1024,1024
6e267d6241aa4411,data/cache/sid/train/6e267d6241aa4411__71f4c599d2.png,train,0,0,1024,768
0209d614746e4c2d,data/cache/sid/train/0209d614746e4c2d__7557406b1e.png,train,0,0,1024,683
full_synthetic_054290,data/cache/sid/train/full_synthetic_054290__a87d1a2bd9.png,train,1,1,1024,1024
full_synthetic_010754,data/cache/sid/train/full_synthetic_010754__f9687fcd9f.png,train,1,1,1024,1024
d198323a96ad5c3e,data/cache/sid/train/d198323a96ad5c3e__0e0b470538.png,train,0,0,1024,680
680402ab3574b66f,data/cache/sid/train/680402ab3574b66f__60901a859f.png,train,0,0,1024,768
full_synthetic_020985,data/cache/sid/train/full_synthetic_020985__f07b25a088.png,train,1,1,1024,1024
f9049470b400a14f,data/cache/sid/train/f9049470b400a14f__13ee53596b.png,train,0,0,1024,768
full_synthetic_061590,data/cache/sid/train/full_synthetic_061590__ca50135796.png,train,1,1,1024,1024
e3f793a4d5f2a68a,data/cache/sid/train/e3f793a4d5f2a68a__64350c4d8b.png,train,0,0,1024,768
full_synthetic_026255,data/cache/sid/train/full_synthetic_026255__1764af1b03.png,train,1,1,1024,1024
4a4d866075e5eb58,data/cache/sid/train/4a4d866075e5eb58__98fab792e5.png,train,0,0,1024,768
5639244d169c1f79,data/cache/sid/train/5639244d169c1f79__9129860557.png,train,0,0,1024,683
726e4623532e3328,data/cache/sid/train/726e4623532e3328__38df5da642.png,train,0,0,1024,683
19b1e9ca95149143,data/cache/sid/train/19b1e9ca95149143__e9d7b2fa52.png,train,0,0,1024,683
012c137ae597329e,data/cache/sid/train/012c137ae597329e__b23b51b49a.png,train,0,0,768,878
2717fb742586f5c9,data/cache/sid/train/2717fb742586f5c9__90160f21d2.png,train,0,0,1024,819
50a5addd712d5e7e,data/cache/sid/train/50a5addd712d5e7e__5825bbc002.png,train,0,0,678,1024
full_synthetic_060096,data/cache/sid/train/full_synthetic_060096__0e77b4d0a4.png,train,1,1,1024,1024
07293cdeec0801ef,data/cache/sid/train/07293cdeec0801ef__5209898a25.png,train,0,0,1024,768
e25053c24e2a93e3,data/cache/sid/train/e25053c24e2a93e3__66a0a5df3d.png,train,0,0,1024,731
full_synthetic_013247,data/cache/sid/train/full_synthetic_013247__24ed66ff2e.png,train,1,1,1024,1024
full_synthetic_065814,data/cache/sid/train/full_synthetic_065814__c198f88796.png,train,1,1,1024,1024
e9d1685ef199c6b6,data/cache/sid/train/e9d1685ef199c6b6__ed73611172.png,train,0,0,984,1024
full_synthetic_025843,data/cache/sid/train/full_synthetic_025843__6ea7b3b94a.png,train,1,1,1024,1024
full_synthetic_016781,data/cache/sid/train/full_synthetic_016781__05e3fdf882.png,train,1,1,1024,1024
full_synthetic_006126,data/cache/sid/train/full_synthetic_006126__a687407a70.png,train,1,1,1024,1024
85dda4fa856784ca,data/cache/sid/train/85dda4fa856784ca__b6cbe41a1a.png,train,0,0,1024,692
full_synthetic_068648,data/cache/sid/train/full_synthetic_068648__d45928f5c5.png,train,1,1,1024,1024
full_synthetic_018306,data/cache/sid/train/full_synthetic_018306__da6a6bbf8b.png,train,1,1,1024,1024
full_synthetic_032028,data/cache/sid/train/full_synthetic_032028__130d3825b0.png,train,1,1,1024,1024
full_synthetic_067639,data/cache/sid/train/full_synthetic_067639__fc25685659.png,train,1,1,1024,1024
1c7669a18d10e2ae,data/cache/sid/train/1c7669a18d10e2ae__fda37705ca.png,train,0,0,1024,768
1dfe3b0d01480596,data/cache/sid/train/1dfe3b0d01480596__1730bd473e.png,train,0,0,1024,641
full_synthetic_033750,data/cache/sid/train/full_synthetic_033750__da33b213d0.png,train,1,1,1024,1024
full_synthetic_051217,data/cache/sid/train/full_synthetic_051217__4b6e24a45b.png,train,1,1,1024,1024
full_synthetic_029546,data/cache/sid/train/full_synthetic_029546__5d597bdfe6.png,train,1,1,1024,1024
ebeda35e65899709,data/cache/sid/train/ebeda35e65899709__6fb2cc1510.png,train,0,0,1024,683
b6db976b41bdafde,data/cache/sid/train/b6db976b41bdafde__d0075305fc.png,train,0,0,1024,768
full_synthetic_055289,data/cache/sid/train/full_synthetic_055289__c271264b8d.png,train,1,1,1024,1024
full_synthetic_039747,data/cache/sid/train/full_synthetic_039747__9ac0989c2d.png,train,1,1,1024,1024
dbfc7be1dd67bf5d,data/cache/sid/train/dbfc7be1dd67bf5d__86b66b979e.png,train,0,0,1024,685
cbf5bdb570e56dda,data/cache/sid/train/cbf5bdb570e56dda__93dd7b6ed1.png,train,0,0,1024,768
55b2a81c1b77805b,data/cache/sid/train/55b2a81c1b77805b__1a8c9f011a.png,train,0,0,683,1024
full_synthetic_046472,data/cache/sid/train/full_synthetic_046472__6067ac6631.png,train,1,1,1024,1024
008f749ba53d3c2d,data/cache/sid/train/008f749ba53d3c2d__4eeed229b6.png,train,0,0,1024,825
full_synthetic_007434,data/cache/sid/train/full_synthetic_007434__52e84732e4.png,train,1,1,1024,1024
b44ed19171c9990b,data/cache/sid/train/b44ed19171c9990b__46af7c34be.png,train,0,0,1024,646
8073e60166219be4,data/cache/sid/train/8073e60166219be4__8f4091a9b7.png,train,0,0,1024,683
full_synthetic_064647,data/cache/sid/train/full_synthetic_064647__0134073d28.png,train,1,1,1024,1024
full_synthetic_001981,data/cache/sid/train/full_synthetic_001981__ac60b1190b.png,train,1,1,1024,1024
full_synthetic_053914,data/cache/sid/train/full_synthetic_053914__e1e7a7102f.png,train,1,1,1024,1024
full_synthetic_007016,data/cache/sid/train/full_synthetic_007016__dd961238c4.png,train,1,1,1024,1024
full_synthetic_010139,data/cache/sid/train/full_synthetic_010139__c630cc78fa.png,train,1,1,1024,1024
c6f9049dae262a81,data/cache/sid/train/c6f9049dae262a81__68ccd00c30.png,train,0,0,1024,768
full_synthetic_034136,data/cache/sid/train/full_synthetic_034136__40cbdf43e9.png,train,1,1,1024,1024
1a2fb807de8f3c14,data/cache/sid/train/1a2fb807de8f3c14__2da8aaed67.png,train,0,0,1024,768
full_synthetic_066195,data/cache/sid/train/full_synthetic_066195__83db85c5a8.png,train,1,1,1024,1024
full_synthetic_026889,data/cache/sid/train/full_synthetic_026889__69cace1289.png,train,1,1,1024,1024
c4a89092fa0fc4df,data/cache/sid/train/c4a89092fa0fc4df__47fba2fd0a.png,train,0,0,768,1024
0594c93c744a233f,data/cache/sid/train/0594c93c744a233f__e465ab8de3.png,train,0,0,1024,681
318500cb5801f69f,data/cache/sid/train/318500cb5801f69f__4648a27fff.png,train,0,0,1024,680
27dcfabd78266fd3,data/cache/sid/train/27dcfabd78266fd3__a4510f46df.png,train,0,0,1024,681
full_synthetic_045864,data/cache/sid/train/full_synthetic_045864__8e7f48141a.png,train,1,1,1024,1024
00623315ed358ffb,data/cache/sid/train/00623315ed358ffb__41f7444cb2.png,train,0,0,1024,636
full_synthetic_068261,data/cache/sid/train/full_synthetic_068261__7d777e5d2b.png,train,1,1,1024,1024
3e496983d7526766,data/cache/sid/train/3e496983d7526766__f6b257824e.png,train,0,0,768,1024
56f2efe02d88a3f4,data/cache/sid/train/56f2efe02d88a3f4__8bac17809c.png,train,0,0,1024,682
72ee3cd3d589e87a,data/cache/sid/train/72ee3cd3d589e87a__35b42ee6bb.png,train,0,0,1024,768
full_synthetic_051482,data/cache/sid/train/full_synthetic_051482__c1ca5e631f.png,train,1,1,1024,1024
0e1f4d7f039c8fab,data/cache/sid/train/0e1f4d7f039c8fab__1a21acbf92.png,train,0,0,1024,682
full_synthetic_026871,data/cache/sid/train/full_synthetic_026871__f96cab5eb6.png,train,1,1,1024,1024
full_synthetic_011785,data/cache/sid/train/full_synthetic_011785__2618f5ac26.png,train,1,1,1024,1024
8d0f33327ca01cb0,data/cache/sid/train/8d0f33327ca01cb0__8265e39b8e.png,train,0,0,1024,683
full_synthetic_058025,data/cache/sid/train/full_synthetic_058025__b765479dde.png,train,1,1,1024,1024
full_synthetic_046827,data/cache/sid/train/full_synthetic_046827__39eaa0e22d.png,train,1,1,1024,1024
full_synthetic_057517,data/cache/sid/train/full_synthetic_057517__18053b1877.png,train,1,1,1024,1024
5f570db3d7ffdb93,data/cache/sid/train/5f570db3d7ffdb93__c698c6e89c.png,train,0,0,1024,1024
full_synthetic_059280,data/cache/sid/train/full_synthetic_059280__01ef6ec021.png,train,1,1,1024,1024
full_synthetic_065001,data/cache/sid/train/full_synthetic_065001__a7a6c85bac.png,train,1,1,1024,1024
full_synthetic_058156,data/cache/sid/train/full_synthetic_058156__632f32c53d.png,train,1,1,1024,1024
9143f99abc4c312f,data/cache/sid/train/9143f99abc4c312f__87d15a49b3.png,train,0,0,1024,768
5994ac0f8d255a30,data/cache/sid/train/5994ac0f8d255a30__a35193fd96.png,train,0,0,1024,683
full_synthetic_041632,data/cache/sid/train/full_synthetic_041632__8532a92206.png,train,1,1,1024,1024
full_synthetic_066190,data/cache/sid/train/full_synthetic_066190__1d56b8bf5d.png,train,1,1,1024,1024
full_synthetic_017657,data/cache/sid/train/full_synthetic_017657__44406d7ea6.png,train,1,1,1024,1024
full_synthetic_046102,data/cache/sid/train/full_synthetic_046102__6719993b78.png,train,1,1,1024,1024
c548d798f9ce0a02,data/cache/sid/train/c548d798f9ce0a02__9fb926ff9d.png,train,0,0,1024,678
7bd909d5a09d56f1,data/cache/sid/train/7bd909d5a09d56f1__288f4c5712.png,train,0,0,1013,1024
full_synthetic_053861,data/cache/sid/train/full_synthetic_053861__f4464137fe.png,train,1,1,1024,1024
full_synthetic_019867,data/cache/sid/train/full_synthetic_019867__ad618593fc.png,train,1,1,1024,1024
1d992e8a973fdec4,data/cache/sid/train/1d992e8a973fdec4__c454899abb.png,train,0,0,1024,685
7f979e3f8beab205,data/cache/sid/train/7f979e3f8beab205__2004f12baa.png,train,0,0,664,1024
e28b315e197e9513,data/cache/sid/train/e28b315e197e9513__f1df4e790f.png,train,0,0,1024,683
1b936af4c17da036,data/cache/sid/train/1b936af4c17da036__7bf3d5987e.png,train,0,0,1024,768
49de7e100ccc5d1a,data/cache/sid/train/49de7e100ccc5d1a__12439a7b5b.png,train,0,0,1024,683
b5affed8973b47cc,data/cache/sid/train/b5affed8973b47cc__1cfdcfac01.png,train,0,0,681,1024
full_synthetic_051507,data/cache/sid/train/full_synthetic_051507__28073de773.png,train,1,1,1024,1024
ec88c3db4f98443c,data/cache/sid/train/ec88c3db4f98443c__bcf36ec391.png,train,0,0,1024,1024
full_synthetic_009503,data/cache/sid/train/full_synthetic_009503__24675e1767.png,train,1,1,1024,1024
6e4927c63eb61926,data/cache/sid/train/6e4927c63eb61926__bcaed74745.png,train,0,0,1024,682
full_synthetic_062238,data/cache/sid/train/full_synthetic_062238__0bf29ebd29.png,train,1,1,1024,1024
cff6f099f19376f0,data/cache/sid/train/cff6f099f19376f0__e8030f06d1.png,train,0,0,768,1024
2ebd0d24d03088a6,data/cache/sid/train/2ebd0d24d03088a6__35e42542e9.png,train,0,0,1024,819
full_synthetic_004758,data/cache/sid/train/full_synthetic_004758__6ec1945926.png,train,1,1,1024,1024
6b22be91d42ca51a,data/cache/sid/train/6b22be91d42ca51a__79cf581d05.png,train,0,0,768,1024
f08f832a1be36fbf,data/cache/sid/train/f08f832a1be36fbf__a75e8e9c1f.png,train,0,0,599,1024
full_synthetic_063863,data/cache/sid/train/full_synthetic_063863__461351c91b.png,train,1,1,1024,1024
full_synthetic_021658,data/cache/sid/train/full_synthetic_021658__e62441a55c.png,train,1,1,1024,1024
30571f3a032b1e50,data/cache/sid/train/30571f3a032b1e50__7fdeb55d40.png,train,0,0,1024,683
full_synthetic_030849,data/cache/sid/train/full_synthetic_030849__cb729cf966.png,train,1,1,1024,1024
full_synthetic_028499,data/cache/sid/train/full_synthetic_028499__8f5c77b325.png,train,1,1,1024,1024
6948782f7f303105,data/cache/sid/train/6948782f7f303105__891bb975b3.png,train,0,0,1024,683
c2725445489ce90a,data/cache/sid/train/c2725445489ce90a__a6eb76f2bf.png,train,0,0,1024,768
full_synthetic_062186,data/cache/sid/train/full_synthetic_062186__48f67d6eb8.png,train,1,1,1024,1024
full_synthetic_069161,data/cache/sid/train/full_synthetic_069161__d7aed9913b.png,train,1,1,1024,1024
full_synthetic_014068,data/cache/sid/train/full_synthetic_014068__04f8e058e0.png,train,1,1,1024,1024
full_synthetic_017324,data/cache/sid/train/full_synthetic_017324__89fcb2a80b.png,train,1,1,1024,1024
98a9828727aaac80,data/cache/sid/train/98a9828727aaac80__71a5892858.png,train,0,0,1024,683
full_synthetic_056965,data/cache/sid/train/full_synthetic_056965__8e825fca1f.png,train,1,1,1024,1024
be50dea2b3275124,data/cache/sid/train/be50dea2b3275124__c788890712.png,train,0,0,1024,679
full_synthetic_055002,data/cache/sid/train/full_synthetic_055002__6d2844c708.png,train,1,1,1024,1024
1a58fd771bf0327b,data/cache/sid/train/1a58fd771bf0327b__3d6917682d.png,train,0,0,1024,576
f0f33d0930e4c8d7,data/cache/sid/train/f0f33d0930e4c8d7__6deecf6558.png,train,0,0,1024,678
fec47086f2690499,data/cache/sid/train/fec47086f2690499__c4236857d6.png,train,0,0,1024,678
full_synthetic_015710,data/cache/sid/train/full_synthetic_015710__358834accb.png,train,1,1,1024,1024
full_synthetic_057941,data/cache/sid/train/full_synthetic_057941__ce5bf288f5.png,train,1,1,1024,1024
d75281006baeb032,data/cache/sid/train/d75281006baeb032__c60ca39968.png,train,0,0,1024,731
full_synthetic_054050,data/cache/sid/train/full_synthetic_054050__894a69e4b9.png,train,1,1,1024,1024
full_synthetic_026127,data/cache/sid/train/full_synthetic_026127__fafb96e253.png,train,1,1,1024,1024
10e0b0d034603ec8,data/cache/sid/train/10e0b0d034603ec8__e800f05ed0.png,train,0,0,795,1024
full_synthetic_054464,data/cache/sid/train/full_synthetic_054464__041ba6bc3e.png,train,1,1,1024,1024
6a46daef9762eb82,data/cache/sid/train/6a46daef9762eb82__44158fd03e.png,train,0,0,716,1024
full_synthetic_068967,data/cache/sid/train/full_synthetic_068967__d5eaa171a0.png,train,1,1,1024,1024
310becdc0dd2c3e6,data/cache/sid/train/310becdc0dd2c3e6__39939f009f.png,train,0,0,1024,682
full_synthetic_029031,data/cache/sid/train/full_synthetic_029031__73f31e846f.png,train,1,1,1024,1024
4f8f5b010a62163d,data/cache/sid/train/4f8f5b010a62163d__b11f41f710.png,train,0,0,1024,748
43f0f3836fee5b97,data/cache/sid/train/43f0f3836fee5b97__b8b0c22555.png,train,0,0,1024,768
c40e3d8638c30a00,data/cache/sid/train/c40e3d8638c30a00__2574350b71.png,train,0,0,1024,683
full_synthetic_046407,data/cache/sid/train/full_synthetic_046407__294cac971a.png,train,1,1,1024,1024
full_synthetic_010682,data/cache/sid/train/full_synthetic_010682__79a2d251ce.png,train,1,1,1024,1024
f42bcfb59b6e508e,data/cache/sid/train/f42bcfb59b6e508e__3c4cdb7443.png,train,0,0,683,1024
full_synthetic_042163,data/cache/sid/train/full_synthetic_042163__4bbdb9fe08.png,train,1,1,1024,1024
32e23095c3fa5266,data/cache/sid/train/32e23095c3fa5266__a4a0f7e6fe.png,train,0,0,1024,701
d36aef03fa04cf69,data/cache/sid/train/d36aef03fa04cf69__f53c259448.png,train,0,0,1024,683
full_synthetic_040703,data/cache/sid/train/full_synthetic_040703__951d36a536.png,train,1,1,1024,1024
full_synthetic_009904,data/cache/sid/train/full_synthetic_009904__b3019a0a21.png,train,1,1,1024,1024
02595569cbaa8960,data/cache/sid/train/02595569cbaa8960__49e7fd5363.png,train,0,0,1024,683
6f13e05950c0a147,data/cache/sid/train/6f13e05950c0a147__6d1f03b1bb.png,train,0,0,679,1024
18b52be464b90986,data/cache/sid/train/18b52be464b90986__6061554efa.png,train,0,0,1024,683
full_synthetic_051547,data/cache/sid/train/full_synthetic_051547__628acb8530.png,train,1,1,1024,1024
full_synthetic_027730,data/cache/sid/train/full_synthetic_027730__9a66453436.png,train,1,1,1024,1024
8d108192a5986dd2,data/cache/sid/train/8d108192a5986dd2__b45b5992be.png,train,0,0,1024,672
full_synthetic_002806,data/cache/sid/train/full_synthetic_002806__b9dd0d2928.png,train,1,1,1024,1024
aa9505f57de629d7,data/cache/sid/train/aa9505f57de629d7__a904b5ebd4.png,train,0,0,686,1024
fa7f0b6bac46bad1,data/cache/sid/train/fa7f0b6bac46bad1__126375724c.png,train,0,0,683,1024
full_synthetic_010956,data/cache/sid/train/full_synthetic_010956__da415fa64b.png,train,1,1,1024,1024
full_synthetic_054189,data/cache/sid/train/full_synthetic_054189__70cc21d4e1.png,train,1,1,1024,1024
full_synthetic_006762,data/cache/sid/train/full_synthetic_006762__325e327098.png,train,1,1,1024,1024
full_synthetic_010235,data/cache/sid/train/full_synthetic_010235__fa35e2fe30.png,train,1,1,1024,1024
77704bc332fb8f6d,data/cache/sid/train/77704bc332fb8f6d__3416c02a52.png,train,0,0,1024,679
full_synthetic_069631,data/cache/sid/train/full_synthetic_069631__f05a0ba5d3.png,train,1,1,1024,1024
3acf8db1c71f32a7,data/cache/sid/train/3acf8db1c71f32a7__e270665f0d.png,train,0,0,1024,683
full_synthetic_058501,data/cache/sid/train/full_synthetic_058501__c22564b1c7.png,train,1,1,1024,1024
full_synthetic_014567,data/cache/sid/train/full_synthetic_014567__e4d02d89d8.png,train,1,1,1024,1024
full_synthetic_069415,data/cache/sid/train/full_synthetic_069415__3fce3191cc.png,train,1,1,1024,1024
full_synthetic_058915,data/cache/sid/train/full_synthetic_058915__993d689761.png,train,1,1,1024,1024
full_synthetic_057607,data/cache/sid/train/full_synthetic_057607__7ac4ed9ece.png,train,1,1,1024,1024
b6ffd0ba216f4ec1,data/cache/sid/train/b6ffd0ba216f4ec1__945aa9a58e.png,train,0,0,1024,711
dbaef7c7dff91686,data/cache/sid/train/dbaef7c7dff91686__81e9854222.png,train,0,0,1024,680
full_synthetic_014416,data/cache/sid/train/full_synthetic_014416__c95f2ba4c6.png,train,1,1,1024,1024
0f95723870627998,data/cache/sid/train/0f95723870627998__c7bdcf84f1.png,train,0,0,1024,1024
full_synthetic_066769,data/cache/sid/train/full_synthetic_066769__19da429444.png,train,1,1,1024,1024
6f4a1b8683aa1996,data/cache/sid/train/6f4a1b8683aa1996__a2bcdf474d.png,train,0,0,683,1024
full_synthetic_022469,data/cache/sid/train/full_synthetic_022469__cc9e4637ff.png,train,1,1,1024,1024
20207a5dd93c155d,data/cache/sid/train/20207a5dd93c155d__23009b981f.png,train,0,0,1024,681
full_synthetic_034244,data/cache/sid/train/full_synthetic_034244__5e370cc0a7.png,train,1,1,1024,1024
435a06454d2fe36f,data/cache/sid/train/435a06454d2fe36f__59351e9ac0.png,train,0,0,1024,768
full_synthetic_061104,data/cache/sid/train/full_synthetic_061104__74bf7e4e33.png,train,1,1,1024,1024
full_synthetic_040887,data/cache/sid/train/full_synthetic_040887__a9be316a4e.png,train,1,1,1024,1024
full_synthetic_064013,data/cache/sid/train/full_synthetic_064013__9aeca6975d.png,train,1,1,1024,1024
full_synthetic_025273,data/cache/sid/train/full_synthetic_025273__2c070f8d80.png,train,1,1,1024,1024
full_synthetic_020847,data/cache/sid/train/full_synthetic_020847__5f70612ad6.png,train,1,1,1024,1024
711cd5f568ceafd6,data/cache/sid/train/711cd5f568ceafd6__c0872b15e6.png,train,0,0,1024,768
full_synthetic_016238,data/cache/sid/train/full_synthetic_016238__cb63e4dec0.png,train,1,1,1024,1024
full_synthetic_024383,data/cache/sid/train/full_synthetic_024383__d30a052d6f.png,train,1,1,1024,1024
1fdd2aa3811898e3,data/cache/sid/train/1fdd2aa3811898e3__c28fd99dd7.png,train,0,0,1024,768
full_synthetic_029203,data/cache/sid/train/full_synthetic_029203__6965ca6707.png,train,1,1,1024,1024
e42edfefb5021bd3,data/cache/sid/train/e42edfefb5021bd3__ec66e2939b.png,train,0,0,1024,768
0a43658c3c2e0d8e,data/cache/sid/train/0a43658c3c2e0d8e__03957395c9.png,train,0,0,768,1024
full_synthetic_066903,data/cache/sid/train/full_synthetic_066903__2e1a86aa88.png,train,1,1,1024,1024
full_synthetic_051844,data/cache/sid/train/full_synthetic_051844__75e9848998.png,train,1,1,1024,1024
full_synthetic_060393,data/cache/sid/train/full_synthetic_060393__aefc0f68d7.png,train,1,1,1024,1024
full_synthetic_030048,data/cache/sid/train/full_synthetic_030048__044b83217a.png,train,1,1,1024,1024
full_synthetic_065493,data/cache/sid/train/full_synthetic_065493__845ebf0e6f.png,train,1,1,1024,1024
3d7431215ff93b8f,data/cache/sid/train/3d7431215ff93b8f__7a6a19a070.png,train,0,0,1024,765
0046c554d88fd64c,data/cache/sid/train/0046c554d88fd64c__0cfcd10b42.png,train,0,0,1024,681
c7cf44d690619c18,data/cache/sid/train/c7cf44d690619c18__1519bf5716.png,train,0,0,768,1024
3084aa19fb9d2972,data/cache/sid/train/3084aa19fb9d2972__33411ac946.png,train,0,0,1024,576
bf4986d1a438082e,data/cache/sid/train/bf4986d1a438082e__49feb6f82c.png,train,0,0,1024,576
full_synthetic_064369,data/cache/sid/train/full_synthetic_064369__1c1ca62df9.png,train,1,1,1024,1024
full_synthetic_060528,data/cache/sid/train/full_synthetic_060528__f9466bc70d.png,train,1,1,1024,1024
full_synthetic_024675,data/cache/sid/train/full_synthetic_024675__8d2d16b190.png,train,1,1,1024,1024
f32a3ce436ae2835,data/cache/sid/train/f32a3ce436ae2835__9bdb2c71c0.png,train,0,0,1024,576
b9a918a4a894c11c,data/cache/sid/train/b9a918a4a894c11c__dfd472ef1c.png,train,0,0,732,1024
full_synthetic_054532,data/cache/sid/train/full_synthetic_054532__8b16a2f05c.png,train,1,1,1024,1024
full_synthetic_049109,data/cache/sid/train/full_synthetic_049109__b8df5ada8c.png,train,1,1,1024,1024
77884c88be41fcc2,data/cache/sid/train/77884c88be41fcc2__1d1df95b71.png,train,0,0,1024,683
full_synthetic_042939,data/cache/sid/train/full_synthetic_042939__b1b481913c.png,train,1,1,1024,1024
aa350bcf0f432411,data/cache/sid/train/aa350bcf0f432411__0ea2ea1c19.png,train,0,0,768,1024
9e0b3b5599acd697,data/cache/sid/train/9e0b3b5599acd697__582db0ce0d.png,train,0,0,1024,1024
8641e6dd161557dd,data/cache/sid/train/8641e6dd161557dd__1bb440b385.png,train,0,0,1024,850
566bdf9c83d06d17,data/cache/sid/train/566bdf9c83d06d17__ecdabfa097.png,train,0,0,1024,683
full_synthetic_031121,data/cache/sid/train/full_synthetic_031121__3ff5b4607f.png,train,1,1,1024,1024
full_synthetic_065189,data/cache/sid/train/full_synthetic_065189__989d7c2076.png,train,1,1,1024,1024
9d6d66d4a4a1544c,data/cache/sid/train/9d6d66d4a4a1544c__8d116bf81d.png,train,0,0,1024,768
full_synthetic_009038,data/cache/sid/train/full_synthetic_009038__3d6b875608.png,train,1,1,1024,1024
full_synthetic_006265,data/cache/sid/train/full_synthetic_006265__449c2b7f60.png,train,1,1,1024,1024
e90de375e5261f79,data/cache/sid/train/e90de375e5261f79__59b2b53039.png,train,0,0,1024,683
c6da8f7178aff147,data/cache/sid/train/c6da8f7178aff147__d1389fdd3c.png,train,0,0,1024,768
full_synthetic_065983,data/cache/sid/train/full_synthetic_065983__2c23c5cd15.png,train,1,1,1024,1024
69444a9ce643400e,data/cache/sid/train/69444a9ce643400e__0b452ac518.png,train,0,0,663,1024
full_synthetic_034877,data/cache/sid/train/full_synthetic_034877__a3775bea44.png,train,1,1,1024,1024
d77ed3683dde91af,data/cache/sid/train/d77ed3683dde91af__cae0162d22.png,train,0,0,1024,768
fd4ffdefe678cede,data/cache/sid/train/fd4ffdefe678cede__08c0b4a6d6.png,train,0,0,1024,768
00f44a518c6bace6,data/cache/sid/train/00f44a518c6bace6__207513a832.png,train,0,0,1024,768
bfbc65202d729722,data/cache/sid/train/bfbc65202d729722__cbb708abdf.png,train,0,0,1024,768
075150483b97e9e5,data/cache/sid/train/075150483b97e9e5__8a5fd599ae.png,train,0,0,1024,683
full_synthetic_059870,data/cache/sid/train/full_synthetic_059870__3d9d1ebe47.png,train,1,1,1024,1024
e5a86e69e0ca5161,data/cache/sid/train/e5a86e69e0ca5161__5cce14ea0f.png,train,0,0,1024,683
full_synthetic_057503,data/cache/sid/train/full_synthetic_057503__17ce10fd8f.png,train,1,1,1024,1024
2d9003451fd68d03,data/cache/sid/train/2d9003451fd68d03__54cbe30173.png,train,0,0,641,1024
845655880b81fa6e,data/cache/sid/train/845655880b81fa6e__d9bc15dced.png,train,0,0,1024,768
full_synthetic_066034,data/cache/sid/train/full_synthetic_066034__3186b9b610.png,train,1,1,1024,1024
full_synthetic_008499,data/cache/sid/train/full_synthetic_008499__11198b2c42.png,train,1,1,1024,1024
2067e005fa8bc4a5,data/cache/sid/train/2067e005fa8bc4a5__5005904dc2.png,train,0,0,1024,682
full_synthetic_060674,data/cache/sid/train/full_synthetic_060674__5ea87cdecb.png,train,1,1,1024,1024
full_synthetic_055535,data/cache/sid/train/full_synthetic_055535__34aaac6429.png,train,1,1,1024,1024
full_synthetic_031073,data/cache/sid/train/full_synthetic_031073__1798b247bd.png,train,1,1,1024,1024
full_synthetic_026093,data/cache/sid/train/full_synthetic_026093__83d038bffd.png,train,1,1,1024,1024
5248089530b7e2f9,data/cache/sid/train/5248089530b7e2f9__13759c41d2.png,train,0,0,1024,1024
934de108f4b3d50d,data/cache/sid/train/934de108f4b3d50d__5a7f2099b6.png,train,0,0,1024,680
1ffe80234ccec2fa,data/cache/sid/train/1ffe80234ccec2fa__92dfc97eba.png,train,0,0,1024,819
ae17d4c493d26361,data/cache/sid/train/ae17d4c493d26361__44a030a028.png,train,0,0,1024,683
748bb5a3e2d2f320,data/cache/sid/train/748bb5a3e2d2f320__6466c82788.png,train,0,0,768,1024
full_synthetic_034334,data/cache/sid/train/full_synthetic_034334__1df6728126.png,train,1,1,1024,1024
853833c346eb8d38,data/cache/sid/train/853833c346eb8d38__65b79eb1b4.png,train,0,0,768,1024
2126d4dcd99949ec,data/cache/sid/train/2126d4dcd99949ec__c019640975.png,train,0,0,1024,683
d81e66e1b53eadc1,data/cache/sid/train/d81e66e1b53eadc1__9775e4189e.png,train,0,0,1024,683
full_synthetic_022774,data/cache/sid/train/full_synthetic_022774__9fa302356a.png,train,1,1,1024,1024
d5004282b964992e,data/cache/sid/train/d5004282b964992e__de3bce0a5e.png,train,0,0,1024,768
full_synthetic_019784,data/cache/sid/train/full_synthetic_019784__904f111aa5.png,train,1,1,1024,1024
0831668078980ab8,data/cache/sid/train/0831668078980ab8__18b9c70e18.png,train,0,0,680,1024
full_synthetic_058217,data/cache/sid/train/full_synthetic_058217__c0f6f5c254.png,train,1,1,1024,1024
full_synthetic_066226,data/cache/sid/train/full_synthetic_066226__0bec88b4cc.png,train,1,1,1024,1024
973937ae9dc6f760,data/cache/sid/train/973937ae9dc6f760__99d274e0a0.png,train,0,0,1024,768
7e49cd62979fd985,data/cache/sid/train/7e49cd62979fd985__c211b0638f.png,train,0,0,1024,1014
fa60e40eb928753a,data/cache/sid/train/fa60e40eb928753a__7216677f79.png,train,0,0,1024,683
full_synthetic_019921,data/cache/sid/train/full_synthetic_019921__3b7c6a9cfb.png,train,1,1,1024,1024
full_synthetic_030064,data/cache/sid/train/full_synthetic_030064__73fbb95948.png,train,1,1,1024,1024
full_synthetic_003979,data/cache/sid/train/full_synthetic_003979__339856ad79.png,train,1,1,1024,1024
bcbb9521256309e9,data/cache/sid/train/bcbb9521256309e9__5a6cf89ac2.png,train,0,0,768,1024
60b6c907a81cc91d,data/cache/sid/train/60b6c907a81cc91d__913d7ded47.png,train,0,0,1024,733
61aac294d7a0e424,data/cache/sid/train/61aac294d7a0e424__f89aeb78db.png,train,0,0,1024,683
full_synthetic_007102,data/cache/sid/train/full_synthetic_007102__0504751798.png,train,1,1,1024,1024
b9faf2b818a9beb4,data/cache/sid/train/b9faf2b818a9beb4__112710f70d.png,train,0,0,1024,1024
fb214f60144a9d09,data/cache/sid/train/fb214f60144a9d09__a655b6b49e.png,train,0,0,1024,681
full_synthetic_045640,data/cache/sid/train/full_synthetic_045640__640914490b.png,train,1,1,1024,1024
bbcfdbc8854a6511,data/cache/sid/train/bbcfdbc8854a6511__69965a235b.png,train,0,0,683,1024
full_synthetic_004542,data/cache/sid/train/full_synthetic_004542__09dfaed83a.png,train,1,1,1024,1024
full_synthetic_041145,data/cache/sid/train/full_synthetic_041145__20149f8cc9.png,train,1,1,1024,1024
full_synthetic_027161,data/cache/sid/train/full_synthetic_027161__4441934ef0.png,train,1,1,1024,1024
0ac53dd590612f9f,data/cache/sid/train/0ac53dd590612f9f__3d60551dd9.png,train,0,0,1024,683
caf7138c16d7014f,data/cache/sid/train/caf7138c16d7014f__484e8ff9e5.png,train,0,0,1024,678
175b4657ff9d9c38,data/cache/sid/train/175b4657ff9d9c38__35b830f55c.png,train,0,0,405,1024
8b5113ad363f5e90,data/cache/sid/train/8b5113ad363f5e90__6051326fbc.png,train,0,0,1024,1024
full_synthetic_010709,data/cache/sid/train/full_synthetic_010709__e7caed7f5d.png,train,1,1,1024,1024
372f9bc243d57f68,data/cache/sid/train/372f9bc243d57f68__fc0ba962b8.png,train,0,0,1024,768
d22ec9db24cdc906,data/cache/sid/train/d22ec9db24cdc906__464c343e49.png,train,0,0,1024,683
full_synthetic_018718,data/cache/sid/train/full_synthetic_018718__9dd37fad29.png,train,1,1,1024,1024
full_synthetic_060888,data/cache/sid/train/full_synthetic_060888__2b21be46e7.png,train,1,1,1024,1024
full_synthetic_036421,data/cache/sid/train/full_synthetic_036421__f8d362228f.png,train,1,1,1024,1024
d6fba8bdcb42b37d,data/cache/sid/train/d6fba8bdcb42b37d__b8379d3dbb.png,train,0,0,1024,683
full_synthetic_044555,data/cache/sid/train/full_synthetic_044555__cb6fbefb42.png,train,1,1,1024,1024
225c972a6d090b4a,data/cache/sid/train/225c972a6d090b4a__66a68089bf.png,train,0,0,1024,681
full_synthetic_011270,data/cache/sid/train/full_synthetic_011270__eb9846bcf8.png,train,1,1,1024,1024
full_synthetic_067316,data/cache/sid/train/full_synthetic_067316__9379968491.png,train,1,1,1024,1024
c9f5dec45d116ff7,data/cache/sid/train/c9f5dec45d116ff7__e23bde1219.png,train,0,0,1024,768
71582b363feef604,data/cache/sid/train/71582b363feef604__664806f6ba.png,train,0,0,1024,683
43e8f84c132404bc,data/cache/sid/train/43e8f84c132404bc__5e5ccdce7a.png,train,0,0,1024,768
full_synthetic_043348,data/cache/sid/train/full_synthetic_043348__c6a83cc85f.png,train,1,1,1024,1024
81aa6c45fcb2ede9,data/cache/sid/train/81aa6c45fcb2ede9__58d5fe222c.png,train,0,0,1024,683
full_synthetic_029927,data/cache/sid/train/full_synthetic_029927__7c542c7102.png,train,1,1,1024,1024
72dd78ae69360de2,data/cache/sid/train/72dd78ae69360de2__0e53141e0a.png,train,0,0,1024,645
77da0d758b7f11f6,data/cache/sid/train/77da0d758b7f11f6__c19e772213.png,train,0,0,768,1024
06d6c0e7caa54b65,data/cache/sid/train/06d6c0e7caa54b65__519a36c9f1.png,train,0,0,681,1024
full_synthetic_033366,data/cache/sid/train/full_synthetic_033366__2e9cb2d2cc.png,train,1,1,1024,1024
c29df1a0dc8566d1,data/cache/sid/train/c29df1a0dc8566d1__555fb0e18f.png,train,0,0,1024,768
bd4380f8f08c40e6,data/cache/sid/train/bd4380f8f08c40e6__d5ac74b5ef.png,train,0,0,1024,768
2a5cd67fd6193675,data/cache/sid/train/2a5cd67fd6193675__4281a33172.png,train,0,0,1024,768
ec2698e48ab51e6c,data/cache/sid/train/ec2698e48ab51e6c__2185df9230.png,train,0,0,683,1024
full_synthetic_068788,data/cache/sid/train/full_synthetic_068788__506dfe52a7.png,train,1,1,1024,1024
full_synthetic_028543,data/cache/sid/train/full_synthetic_028543__c5dbd7fcbc.png,train,1,1,1024,1024
b489d331a1b80f10,data/cache/sid/train/b489d331a1b80f10__90658b1b5d.png,train,0,0,1024,683
full_synthetic_062748,data/cache/sid/train/full_synthetic_062748__5ccd354059.png,train,1,1,1024,1024
full_synthetic_010692,data/cache/sid/train/full_synthetic_010692__cc45dfedc4.png,train,1,1,1024,1024
0a8030ea8eacba71,data/cache/sid/train/0a8030ea8eacba71__8ccc488fda.png,train,0,0,1024,576
full_synthetic_027453,data/cache/sid/train/full_synthetic_027453__0286f8efa4.png,train,1,1,1024,1024
e33489cefa60ad13,data/cache/sid/train/e33489cefa60ad13__11b65cb0c9.png,train,0,0,1024,681
01cd5f2b8663d152,data/cache/sid/train/01cd5f2b8663d152__adc8ba6698.png,train,0,0,1024,683
full_synthetic_064346,data/cache/sid/train/full_synthetic_064346__99ce3979b5.png,train,1,1,1024,1024
95189f7359de7204,data/cache/sid/train/95189f7359de7204__abaffea5aa.png,train,0,0,1024,768
full_synthetic_043783,data/cache/sid/train/full_synthetic_043783__e355199e5e.png,train,1,1,1024,1024
65b4bd78e5c0e1f8,data/cache/sid/train/65b4bd78e5c0e1f8__d708605524.png,train,0,0,1024,664
full_synthetic_062023,data/cache/sid/train/full_synthetic_062023__8f4c98f965.png,train,1,1,1024,1024
full_synthetic_008673,data/cache/sid/train/full_synthetic_008673__80179fee20.png,train,1,1,1024,1024
full_synthetic_003998,data/cache/sid/train/full_synthetic_003998__01f5033fff.png,train,1,1,1024,1024
full_synthetic_031701,data/cache/sid/train/full_synthetic_031701__f322a943b4.png,train,1,1,1024,1024
full_synthetic_058910,data/cache/sid/train/full_synthetic_058910__d237188a6a.png,train,1,1,1024,1024
full_synthetic_038928,data/cache/sid/train/full_synthetic_038928__89eaa9b93a.png,train,1,1,1024,1024
23bb9725083d6905,data/cache/sid/train/23bb9725083d6905__cd4b816718.png,train,0,0,1024,679
full_synthetic_041544,data/cache/sid/train/full_synthetic_041544__39a660bc4a.png,train,1,1,1024,1024
full_synthetic_015623,data/cache/sid/train/full_synthetic_015623__687e851dc3.png,train,1,1,1024,1024
402c72ad6963b0a7,data/cache/sid/train/402c72ad6963b0a7__7790f841f5.png,train,0,0,1024,683
44383fd40db5bb88,data/cache/sid/train/44383fd40db5bb88__3d423686b9.png,train,0,0,1024,774
full_synthetic_066561,data/cache/sid/train/full_synthetic_066561__ff27524e80.png,train,1,1,1024,1024
b8fe5a6ff6d32821,data/cache/sid/train/b8fe5a6ff6d32821__20e0365447.png,train,0,0,1024,685
cddc352df6fb1fe8,data/cache/sid/train/cddc352df6fb1fe8__e6e94dd4dd.png,train,0,0,1024,680
5e868f088746de61,data/cache/sid/train/5e868f088746de61__0a2d1e0e39.png,train,0,0,1024,768
32de5dd14ecee55a,data/cache/sid/train/32de5dd14ecee55a__454793db7b.png,train,0,0,1024,768
full_synthetic_010107,data/cache/sid/train/full_synthetic_010107__dd3c986241.png,train,1,1,1024,1024
full_synthetic_056443,data/cache/sid/train/full_synthetic_056443__efec26a0d9.png,train,1,1,1024,1024
5bd91bc4598ca6b3,data/cache/sid/train/5bd91bc4598ca6b3__e3b1a61dff.png,train,0,0,1024,680
9dd8a8ab0ebe9aa0,data/cache/sid/train/9dd8a8ab0ebe9aa0__9568bfba8a.png,train,0,0,1024,683
d85ebfc5c57541d2,data/cache/sid/train/d85ebfc5c57541d2__efc0ad89f8.png,train,0,0,1024,768
5d3dcae12b07b90b,data/cache/sid/train/5d3dcae12b07b90b__8b9534429e.png,train,0,0,338,1024
full_synthetic_063822,data/cache/sid/train/full_synthetic_063822__3382b38794.png,train,1,1,1024,1024
full_synthetic_005808,data/cache/sid/train/full_synthetic_005808__f838e3ffe2.png,train,1,1,1024,1024
full_synthetic_048342,data/cache/sid/train/full_synthetic_048342__d5a736822a.png,train,1,1,1024,1024
dbb7b8c6e0cab9b2,data/cache/sid/train/dbb7b8c6e0cab9b2__d2de48c33d.png,train,0,0,1024,576
a7213e5a87e34abd,data/cache/sid/train/a7213e5a87e34abd__7cffa87b5c.png,train,0,0,1024,819
full_synthetic_000856,data/cache/sid/train/full_synthetic_000856__9a9f8ecf50.png,train,1,1,1024,1024
01ae80324f71027b,data/cache/sid/train/01ae80324f71027b__fc3e814dcd.png,train,0,0,1024,768
full_synthetic_044493,data/cache/sid/train/full_synthetic_044493__c3d3aff7d3.png,train,1,1,1024,1024
11e9bc4a835bbabc,data/cache/sid/train/11e9bc4a835bbabc__0ea4e1497f.png,train,0,0,1024,744
6163d4d534cdcd78,data/cache/sid/train/6163d4d534cdcd78__622a8bb821.png,train,0,0,1024,835
d78e4bc8886e85fa,data/cache/sid/train/d78e4bc8886e85fa__e32ed720dd.png,train,0,0,1024,681
full_synthetic_050772,data/cache/sid/train/full_synthetic_050772__fefad5e565.png,train,1,1,1024,1024
full_synthetic_032531,data/cache/sid/train/full_synthetic_032531__662681db5c.png,train,1,1,1024,1024
b88347b2676b9740,data/cache/sid/train/b88347b2676b9740__f7fa498f33.png,train,0,0,1024,680
full_synthetic_062908,data/cache/sid/train/full_synthetic_062908__499a6ac138.png,train,1,1,1024,1024
8bf58e112e729e94,data/cache/sid/train/8bf58e112e729e94__ce1eafd245.png,train,0,0,1024,681
full_synthetic_006649,data/cache/sid/train/full_synthetic_006649__f809d31339.png,train,1,1,1024,1024
ded2da2d252ba3e3,data/cache/sid/train/ded2da2d252ba3e3__e001c950ba.png,train,0,0,1024,683
f9c348bdc7d4adad,data/cache/sid/train/f9c348bdc7d4adad__54a07d5e03.png,train,0,0,1024,768
1850e7c734379910,data/cache/sid/train/1850e7c734379910__3427c6f439.png,train,0,0,1024,768
04a09397d1bc7459,data/cache/sid/train/04a09397d1bc7459__185b9f4b19.png,train,0,0,1024,682
full_synthetic_005161,data/cache/sid/train/full_synthetic_005161__d3c6622df7.png,train,1,1,1024,1024
full_synthetic_064711,data/cache/sid/train/full_synthetic_064711__5db1044183.png,train,1,1,1024,1024
decec0fe82ca68ac,data/cache/sid/train/decec0fe82ca68ac__209516c287.png,train,0,0,1024,768
full_synthetic_056110,data/cache/sid/train/full_synthetic_056110__48f3c028f2.png,train,1,1,1024,1024
full_synthetic_054410,data/cache/sid/train/full_synthetic_054410__cf90fb1eaa.png,train,1,1,1024,1024
full_synthetic_028618,data/cache/sid/train/full_synthetic_028618__b1dd3b63d8.png,train,1,1,1024,1024
5082c3e81ffe360a,data/cache/sid/train/5082c3e81ffe360a__baf3ad3314.png,train,0,0,637,1024
full_synthetic_003378,data/cache/sid/train/full_synthetic_003378__beb47d5360.png,train,1,1,1024,1024
5d758bf2250aa589,data/cache/sid/train/5d758bf2250aa589__cda7fd78df.png,train,0,0,1024,768
3b57b6ff450a0538,data/cache/sid/train/3b57b6ff450a0538__ea70a3a5ec.png,train,0,0,1024,1024
full_synthetic_062488,data/cache/sid/train/full_synthetic_062488__851db98885.png,train,1,1,1024,1024
full_synthetic_005724,data/cache/sid/train/full_synthetic_005724__89a9bc7d20.png,train,1,1,1024,1024
full_synthetic_011686,data/cache/sid/train/full_synthetic_011686__fab4ac51e1.png,train,1,1,1024,1024
full_synthetic_056207,data/cache/sid/train/full_synthetic_056207__dac578854f.png,train,1,1,1024,1024
4deeaa877e02cb43,data/cache/sid/train/4deeaa877e02cb43__e091bfea1b.png,train,0,0,683,1024
full_synthetic_012555,data/cache/sid/train/full_synthetic_012555__302700f060.png,train,1,1,1024,1024
full_synthetic_028564,data/cache/sid/train/full_synthetic_028564__6bc6682a19.png,train,1,1,1024,1024
full_synthetic_014521,data/cache/sid/train/full_synthetic_014521__6a5936577a.png,train,1,1,1024,1024
a4b511ea0dff5ab7,data/cache/sid/train/a4b511ea0dff5ab7__68976f7bb4.png,train,0,0,1024,683
full_synthetic_045528,data/cache/sid/train/full_synthetic_045528__521dcbe04a.png,train,1,1,1024,1024
5fb6e2a2181c65d6,data/cache/sid/train/5fb6e2a2181c65d6__ad906f084a.png,train,0,0,1024,796
00f7c842aed37e79,data/cache/sid/train/00f7c842aed37e79__5f0abc47cd.png,train,0,0,1024,683
full_synthetic_019946,data/cache/sid/train/full_synthetic_019946__433452208d.png,train,1,1,1024,1024
full_synthetic_043981,data/cache/sid/train/full_synthetic_043981__51cca5f2ef.png,train,1,1,1024,1024
c3774d427d04dc51,data/cache/sid/train/c3774d427d04dc51__4a5bf3d87c.png,train,0,0,1024,685
full_synthetic_015371,data/cache/sid/train/full_synthetic_015371__551cc131cb.png,train,1,1,1024,1024
dcbace719296d595,data/cache/sid/train/dcbace719296d595__6ba531ed41.png,train,0,0,1024,683
22f9ec67ec95ef43,data/cache/sid/train/22f9ec67ec95ef43__0ba4a43a9e.png,train,0,0,1024,685
78ac61620cab7cb5,data/cache/sid/train/78ac61620cab7cb5__564903bbb6.png,train,0,0,768,1024
full_synthetic_060819,data/cache/sid/train/full_synthetic_060819__c983e3e269.png,train,1,1,1024,1024
full_synthetic_052764,data/cache/sid/train/full_synthetic_052764__1305293b3a.png,train,1,1,1024,1024
da5f5a1b57742751,data/cache/sid/train/da5f5a1b57742751__dab31fe531.png,train,0,0,1024,683
full_synthetic_060043,data/cache/sid/train/full_synthetic_060043__ef6bcd6c21.png,train,1,1,1024,1024
79bd1fffe381b25d,data/cache/sid/train/79bd1fffe381b25d__aacd3e4d3f.png,train,0,0,1024,681
90dddd0536dddcf1,data/cache/sid/train/90dddd0536dddcf1__7af70548e9.png,train,0,0,1024,683
cf2afe94559cd267,data/cache/sid/train/cf2afe94559cd267__19beb8d6af.png,train,0,0,768,1024
cdb759534e553a48,data/cache/sid/train/cdb759534e553a48__9becff3749.png,train,0,0,1024,576
d13d2e0d24e9aee0,data/cache/sid/train/d13d2e0d24e9aee0__1578e6e891.png,train,0,0,1024,768
full_synthetic_025199,data/cache/sid/train/full_synthetic_025199__2a98a6f695.png,train,1,1,1024,1024
6a385c81e252a0cb,data/cache/sid/train/6a385c81e252a0cb__07f87067ee.png,train,0,0,1024,666
full_synthetic_069330,data/cache/sid/train/full_synthetic_069330__42be7f2b7b.png,train,1,1,1024,1024
e8d0a514af8bf9e9,data/cache/sid/train/e8d0a514af8bf9e9__625e8c71ee.png,train,0,0,1024,768
046a46243dd23f6d,data/cache/sid/train/046a46243dd23f6d__124129f2d4.png,train,0,0,1024,768
518989a1ae9a6748,data/cache/sid/train/518989a1ae9a6748__2084e3a722.png,train,0,0,1024,683
full_synthetic_016156,data/cache/sid/train/full_synthetic_016156__2574e58a98.png,train,1,1,1024,1024
full_synthetic_013343,data/cache/sid/train/full_synthetic_013343__bd5cdb3c4e.png,train,1,1,1024,1024
3ad7c4590661071c,data/cache/sid/train/3ad7c4590661071c__51b716e19e.png,train,0,0,679,1024
full_synthetic_027756,data/cache/sid/train/full_synthetic_027756__cb4e1c79c9.png,train,1,1,1024,1024
full_synthetic_016027,data/cache/sid/train/full_synthetic_016027__fc6a27e2fd.png,train,1,1,1024,1024
full_synthetic_060238,data/cache/sid/train/full_synthetic_060238__f0596c28b8.png,train,1,1,1024,1024
68d8107eb73e6b8b,data/cache/sid/train/68d8107eb73e6b8b__7e64931da9.png,train,0,0,1024,683
full_synthetic_023621,data/cache/sid/train/full_synthetic_023621__dcdf663b02.png,train,1,1,1024,1024
full_synthetic_018958,data/cache/sid/train/full_synthetic_018958__3d120142ce.png,train,1,1,1024,1024
full_synthetic_019164,data/cache/sid/train/full_synthetic_019164__4f29827b38.png,train,1,1,1024,1024
full_synthetic_057120,data/cache/sid/train/full_synthetic_057120__a43b3031cc.png,train,1,1,1024,1024
ae048ffe9d73e9cf,data/cache/sid/train/ae048ffe9d73e9cf__a95858db17.png,train,0,0,697,1024
full_synthetic_015223,data/cache/sid/train/full_synthetic_015223__f4dabe4143.png,train,1,1,1024,1024
7268430b50393ac1,data/cache/sid/train/7268430b50393ac1__b93484fe96.png,train,0,0,1024,731
b66dbe301be9e4d4,data/cache/sid/train/b66dbe301be9e4d4__2d9f124dae.png,train,0,0,680,1024
b5bccaef3057181c,data/cache/sid/train/b5bccaef3057181c__555f6c6289.png,train,0,0,1024,683
full_synthetic_050310,data/cache/sid/train/full_synthetic_050310__87c5148c83.png,train,1,1,1024,1024
full_synthetic_015002,data/cache/sid/train/full_synthetic_015002__b8e5b18d5d.png,train,1,1,1024,1024
full_synthetic_021734,data/cache/sid/train/full_synthetic_021734__de83ab7be0.png,train,1,1,1024,1024
full_synthetic_039347,data/cache/sid/train/full_synthetic_039347__e9d31c07cf.png,train,1,1,1024,1024
7ff4460a2ea67688,data/cache/sid/train/7ff4460a2ea67688__d3b766d938.png,train,0,0,1024,683
full_synthetic_040510,data/cache/sid/train/full_synthetic_040510__8a3968ddca.png,train,1,1,1024,1024
full_synthetic_012501,data/cache/sid/train/full_synthetic_012501__ba635cffc0.png,train,1,1,1024,1024
35239b08c500bbd6,data/cache/sid/train/35239b08c500bbd6__b9c4590992.png,train,0,0,768,1024
full_synthetic_049400,data/cache/sid/train/full_synthetic_049400__34d2d7a772.png,train,1,1,1024,1024
full_synthetic_051889,data/cache/sid/train/full_synthetic_051889__f75f16fc26.png,train,1,1,1024,1024
full_synthetic_012721,data/cache/sid/train/full_synthetic_012721__9de324e0a1.png,train,1,1,1024,1024
full_synthetic_022784,data/cache/sid/train/full_synthetic_022784__2a4588c933.png,train,1,1,1024,1024
full_synthetic_027316,data/cache/sid/train/full_synthetic_027316__593fa9cf8c.png,train,1,1,1024,1024
full_synthetic_056137,data/cache/sid/train/full_synthetic_056137__4aa5fc278d.png,train,1,1,1024,1024
f8270746f55a4741,data/cache/sid/train/f8270746f55a4741__34d5735208.png,train,0,0,683,1024
d39f0d9afa9616a0,data/cache/sid/train/d39f0d9afa9616a0__4aaaf6bb09.png,train,0,0,1024,768
a0f18be86a5b0f6d,data/cache/sid/train/a0f18be86a5b0f6d__760b3e2184.png,train,0,0,1024,768
7d6cf33c427eb3f9,data/cache/sid/train/7d6cf33c427eb3f9__66a2147403.png,train,0,0,767,1024
6012ecb028b92e88,data/cache/sid/train/6012ecb028b92e88__e5ae8089f9.png,train,0,0,1024,768
full_synthetic_016971,data/cache/sid/train/full_synthetic_016971__2f68005b75.png,train,1,1,1024,1024
full_synthetic_036286,data/cache/sid/train/full_synthetic_036286__c20ecef810.png,train,1,1,1024,1024
20840089dba9f250,data/cache/sid/train/20840089dba9f250__050729505f.png,train,0,0,1024,768
full_synthetic_004005,data/cache/sid/train/full_synthetic_004005__4a5f07fb6d.png,train,1,1,1024,1024
305d9675a028d7c5,data/cache/sid/train/305d9675a028d7c5__4d06f5c03d.png,train,0,0,1024,683
57af318e4c423065,data/cache/sid/train/57af318e4c423065__c3375e96c8.png,train,0,0,1024,732
full_synthetic_049399,data/cache/sid/train/full_synthetic_049399__ed38d409d8.png,train,1,1,1024,1024
1f33970927ca02f1,data/cache/sid/train/1f33970927ca02f1__29f1c1e363.png,train,0,0,1024,683
b79a45b61e9e52a6,data/cache/sid/train/b79a45b61e9e52a6__a95401af3e.png,train,0,0,1024,683
cf8f82df27b847a2,data/cache/sid/train/cf8f82df27b847a2__ed06a721bf.png,train,0,0,1024,576
e261b20a6c8fc999,data/cache/sid/train/e261b20a6c8fc999__9f5e1616d5.png,train,0,0,768,1024
full_synthetic_014401,data/cache/sid/train/full_synthetic_014401__f24b4bf1b7.png,train,1,1,1024,1024
full_synthetic_006824,data/cache/sid/train/full_synthetic_006824__fed335e50f.png,train,1,1,1024,1024
136251d3691284ce,data/cache/sid/train/136251d3691284ce__7a3c4f6248.png,train,0,0,1024,768
full_synthetic_028494,data/cache/sid/train/full_synthetic_028494__397ba2fa73.png,train,1,1,1024,1024
5c5175c2cb053185,data/cache/sid/train/5c5175c2cb053185__7db82b1f05.png,train,0,0,1024,724
full_synthetic_056719,data/cache/sid/train/full_synthetic_056719__8b892fe898.png,train,1,1,1024,1024
full_synthetic_007157,data/cache/sid/train/full_synthetic_007157__3d5c0994d2.png,train,1,1,1024,1024
full_synthetic_037209,data/cache/sid/train/full_synthetic_037209__3c89fe34ba.png,train,1,1,1024,1024
full_synthetic_018195,data/cache/sid/train/full_synthetic_018195__9ebb9d9e85.png,train,1,1,1024,1024
cf0021ed923f47e0,data/cache/sid/train/cf0021ed923f47e0__1fa1fe0cfc.png,train,0,0,1024,681
ea1892fed550ba50,data/cache/sid/train/ea1892fed550ba50__7ca0aa9a56.png,train,0,0,1024,685
4fe46a3865897f73,data/cache/sid/train/4fe46a3865897f73__4d897a92c6.png,train,0,0,686,1024
40cebe73017fa1bc,data/cache/sid/train/40cebe73017fa1bc__f470341371.png,train,0,0,1024,768
989924dd8c7eba63,data/cache/sid/train/989924dd8c7eba63__24a6e45f50.png,train,0,0,1024,680
full_synthetic_066761,data/cache/sid/train/full_synthetic_066761__73fc166c71.png,train,1,1,1024,1024
1a584cca5272b23c,data/cache/sid/train/1a584cca5272b23c__aef352d802.png,train,0,0,1024,768
30cd227746822724,data/cache/sid/train/30cd227746822724__87d013eedc.png,train,0,0,768,1024
d3a1b7d3151562f6,data/cache/sid/train/d3a1b7d3151562f6__aa1789d26b.png,train,0,0,682,1024
13ed7d622dc52b94,data/cache/sid/train/13ed7d622dc52b94__7a473e3a06.png,train,0,0,1024,768
full_synthetic_007771,data/cache/sid/train/full_synthetic_007771__c0bfb75a3d.png,train,1,1,1024,1024
full_synthetic_032365,data/cache/sid/train/full_synthetic_032365__e1776d7fef.png,train,1,1,1024,1024
783b810eccb9a31c,data/cache/sid/train/783b810eccb9a31c__4d90cfe4d6.png,train,0,0,1024,768
full_synthetic_059073,data/cache/sid/train/full_synthetic_059073__3cbd4258a6.png,train,1,1,1024,1024
ec1c5f09b7aaa72a,data/cache/sid/train/ec1c5f09b7aaa72a__cdfdb150c4.png,train,0,0,1024,765
full_synthetic_023705,data/cache/sid/train/full_synthetic_023705__30babda362.png,train,1,1,1024,1024
997ec2b7b0b58f19,data/cache/sid/train/997ec2b7b0b58f19__d61d14aab3.png,train,0,0,1024,681
e8fdfdc349b4b25d,data/cache/sid/train/e8fdfdc349b4b25d__7d5d748825.png,train,0,0,681,1024
b23f7d3a0525b57a,data/cache/sid/train/b23f7d3a0525b57a__043929f574.png,train,0,0,1024,768
full_synthetic_003252,data/cache/sid/train/full_synthetic_003252__ba0f378b1e.png,train,1,1,1024,1024
full_synthetic_000836,data/cache/sid/train/full_synthetic_000836__88649d24e9.png,train,1,1,1024,1024
987263c2f08062b6,data/cache/sid/train/987263c2f08062b6__3c80ef034b.png,train,0,0,1024,768
full_synthetic_014060,data/cache/sid/train/full_synthetic_014060__35bc1ec40d.png,train,1,1,1024,1024
244b495f671bde00,data/cache/sid/train/244b495f671bde00__de16cbfa67.png,train,0,0,1024,685
4191fdefcebeff27,data/cache/sid/train/4191fdefcebeff27__90c60e0c24.png,train,0,0,1024,1024
d5f8bb8da9b8e5e9,data/cache/sid/train/d5f8bb8da9b8e5e9__c38ec0f2d2.png,train,0,0,1024,683
full_synthetic_003892,data/cache/sid/train/full_synthetic_003892__a417b1e38b.png,train,1,1,1024,1024
6311703c002ed8b6,data/cache/sid/train/6311703c002ed8b6__068d511c96.png,train,0,0,719,1024
full_synthetic_032324,data/cache/sid/train/full_synthetic_032324__e67ec90881.png,train,1,1,1024,1024
9c0844f07f58ac65,data/cache/sid/train/9c0844f07f58ac65__be8be6e3c4.png,train,0,0,1024,768
full_synthetic_033956,data/cache/sid/train/full_synthetic_033956__d205906a6a.png,train,1,1,1024,1024
full_synthetic_056689,data/cache/sid/train/full_synthetic_056689__6de1b76643.png,train,1,1,1024,1024
full_synthetic_066360,data/cache/sid/train/full_synthetic_066360__e67aa5e2a0.png,train,1,1,1024,1024
31a321455869bb23,data/cache/sid/train/31a321455869bb23__f90f74a933.png,train,0,0,1024,683
10446bb1fcf89e00,data/cache/sid/train/10446bb1fcf89e00__1b2532962f.png,train,0,0,1024,680
full_synthetic_024100,data/cache/sid/train/full_synthetic_024100__7490e8b845.png,train,1,1,1024,1024
69eaf673c693aa48,data/cache/sid/train/69eaf673c693aa48__7418c03772.png,train,0,0,1024,1024
3edb6823db4d0cdb,data/cache/sid/train/3edb6823db4d0cdb__26a48a4ac8.png,train,0,0,1024,733
full_synthetic_046919,data/cache/sid/train/full_synthetic_046919__01c5d5a871.png,train,1,1,1024,1024
full_synthetic_061919,data/cache/sid/train/full_synthetic_061919__a988fbce7c.png,train,1,1,1024,1024
full_synthetic_022706,data/cache/sid/train/full_synthetic_022706__a565fe8de3.png,train,1,1,1024,1024
7bd27b0013fa2950,data/cache/sid/train/7bd27b0013fa2950__9417a14873.png,train,0,0,1024,733
full_synthetic_011895,data/cache/sid/train/full_synthetic_011895__de073fdf9a.png,train,1,1,1024,1024
full_synthetic_031207,data/cache/sid/train/full_synthetic_031207__672033f048.png,train,1,1,1024,1024
full_synthetic_007055,data/cache/sid/train/full_synthetic_007055__68da82c2a5.png,train,1,1,1024,1024
aca0ff5043b4c56a,data/cache/sid/train/aca0ff5043b4c56a__824a18005f.png,train,0,0,1024,607
full_synthetic_019706,data/cache/sid/train/full_synthetic_019706__399ad6512a.png,train,1,1,1024,1024
full_synthetic_048392,data/cache/sid/train/full_synthetic_048392__c09b5fe1da.png,train,1,1,1024,1024
full_synthetic_042003,data/cache/sid/train/full_synthetic_042003__58efbc10dd.png,train,1,1,1024,1024
10b9f5522b794ff3,data/cache/sid/train/10b9f5522b794ff3__b2186a8ac4.png,train,0,0,1024,768
full_synthetic_038044,data/cache/sid/train/full_synthetic_038044__724646fd94.png,train,1,1,1024,1024
ed78d593dbe43cef,data/cache/sid/train/ed78d593dbe43cef__dcd8a9388d.png,train,0,0,921,1024
full_synthetic_045194,data/cache/sid/train/full_synthetic_045194__b159b872fd.png,train,1,1,1024,1024
092919952b5cee75,data/cache/sid/train/092919952b5cee75__89c5573546.png,train,0,0,1024,683
full_synthetic_015139,data/cache/sid/train/full_synthetic_015139__9b6f471d03.png,train,1,1,1024,1024
607647170f549c64,data/cache/sid/train/607647170f549c64__f18158c37f.png,train,0,0,1024,768
b7ccd88dc0725eb3,data/cache/sid/train/b7ccd88dc0725eb3__a94c4cf9d4.png,train,0,0,1024,715
full_synthetic_068609,data/cache/sid/train/full_synthetic_068609__0c7fa8ace5.png,train,1,1,1024,1024
full_synthetic_010215,data/cache/sid/train/full_synthetic_010215__4614cc219e.png,train,1,1,1024,1024
fc211f0460303483,data/cache/sid/train/fc211f0460303483__950994429d.png,train,0,0,1024,698
full_synthetic_004484,data/cache/sid/train/full_synthetic_004484__5e3b1dbb4d.png,train,1,1,1024,1024
ea2c0e3543fc7a39,data/cache/sid/train/ea2c0e3543fc7a39__e832f1aeb5.png,train,0,0,1024,681
49b132849fd36dce,data/cache/sid/train/49b132849fd36dce__c645350ab2.png,train,0,0,1024,518
6a51aa8637273c89,data/cache/sid/train/6a51aa8637273c89__7e12a20c57.png,train,0,0,1024,680
bad8267590d78eef,data/cache/sid/train/bad8267590d78eef__a7d0063820.png,train,0,0,683,1024
full_synthetic_040561,data/cache/sid/train/full_synthetic_040561__ecfbccb217.png,train,1,1,1024,1024
29d9eda4fad7a7f1,data/cache/sid/train/29d9eda4fad7a7f1__973bd49964.png,train,0,0,1024,768
full_synthetic_067995,data/cache/sid/train/full_synthetic_067995__4a839bc9ff.png,train,1,1,1024,1024
55df57775f4260cb,data/cache/sid/train/55df57775f4260cb__26d82aef6a.png,train,0,0,1024,768
acc2f3c8c8316478,data/cache/sid/train/acc2f3c8c8316478__2fa68b6a23.png,train,0,0,1024,681
full_synthetic_046299,data/cache/sid/train/full_synthetic_046299__938eb069b6.png,train,1,1,1024,1024
full_synthetic_011504,data/cache/sid/train/full_synthetic_011504__87853fbf32.png,train,1,1,1024,1024
full_synthetic_002543,data/cache/sid/train/full_synthetic_002543__758387cb03.png,train,1,1,1024,1024
03d0b1177fc3fbd5,data/cache/sid/train/03d0b1177fc3fbd5__60897ee330.png,train,0,0,1024,768
full_synthetic_039094,data/cache/sid/train/full_synthetic_039094__4bd2b7e72e.png,train,1,1,1024,1024
c59a79a3d1d6fe09,data/cache/sid/train/c59a79a3d1d6fe09__d86ccfbd5a.png,train,0,0,1024,768
full_synthetic_031756,data/cache/sid/train/full_synthetic_031756__1994fbdbc8.png,train,1,1,1024,1024
full_synthetic_067441,data/cache/sid/train/full_synthetic_067441__4f9493ac6c.png,train,1,1,1024,1024
full_synthetic_005764,data/cache/sid/train/full_synthetic_005764__38c2cbf2f7.png,train,1,1,1024,1024
full_synthetic_009481,data/cache/sid/train/full_synthetic_009481__670a0ee5af.png,train,1,1,1024,1024
55177ce86d3a69bd,data/cache/sid/train/55177ce86d3a69bd__036dfcb25a.png,train,0,0,1024,768
b33fa937310d1dc2,data/cache/sid/train/b33fa937310d1dc2__fe4bf868f5.png,train,0,0,1024,683
4ddd420508ce076b,data/cache/sid/train/4ddd420508ce076b__47d21c6cc6.png,train,0,0,1024,685
201fd336b2abfcce,data/cache/sid/train/201fd336b2abfcce__5af39fbaa8.png,train,0,0,1024,682
full_synthetic_031103,data/cache/sid/train/full_synthetic_031103__625ea2ae2b.png,train,1,1,1024,1024
full_synthetic_016845,data/cache/sid/train/full_synthetic_016845__d0c04646c6.png,train,1,1,1024,1024
full_synthetic_033256,data/cache/sid/train/full_synthetic_033256__020e8b75fe.png,train,1,1,1024,1024
full_synthetic_064663,data/cache/sid/train/full_synthetic_064663__9b8484c5c4.png,train,1,1,1024,1024
full_synthetic_029276,data/cache/sid/train/full_synthetic_029276__f5acadd16b.png,train,1,1,1024,1024
full_synthetic_004243,data/cache/sid/train/full_synthetic_004243__1254f352cf.png,train,1,1,1024,1024
full_synthetic_000890,data/cache/sid/train/full_synthetic_000890__49c286933e.png,train,1,1,1024,1024
051752bcdf6275db,data/cache/sid/train/051752bcdf6275db__1207fe751d.png,train,0,0,1024,768
full_synthetic_044605,data/cache/sid/train/full_synthetic_044605__80b94986e3.png,train,1,1,1024,1024
full_synthetic_003177,data/cache/sid/train/full_synthetic_003177__3cf0bf6a04.png,train,1,1,1024,1024
1e68376a7f4d5dbb,data/cache/sid/train/1e68376a7f4d5dbb__0046030edf.png,train,0,0,1024,681
full_synthetic_010998,data/cache/sid/train/full_synthetic_010998__e1fedbee60.png,train,1,1,1024,1024
001ec67e5cbcca49,data/cache/sid/train/001ec67e5cbcca49__919dda8f47.png,train,0,0,1024,1024
8102e38ed296b895,data/cache/sid/train/8102e38ed296b895__5f53ca1644.png,train,0,0,1024,681
b24aa745e1636d69,data/cache/sid/train/b24aa745e1636d69__9f3754e54b.png,train,0,0,1024,1024
full_synthetic_009663,data/cache/sid/train/full_synthetic_009663__56091c87ef.png,train,1,1,1024,1024
full_synthetic_067709,data/cache/sid/train/full_synthetic_067709__70304967fc.png,train,1,1,1024,1024
full_synthetic_042131,data/cache/sid/train/full_synthetic_042131__a408787a29.png,train,1,1,1024,1024
full_synthetic_011423,data/cache/sid/train/full_synthetic_011423__5740f4413f.png,train,1,1,1024,1024
d1a6cf6d66120172,data/cache/sid/train/d1a6cf6d66120172__3028b7ec9e.png,train,0,0,1024,645
0ca907e71582f5ca,data/cache/sid/train/0ca907e71582f5ca__f6b7df86d5.png,train,0,0,1024,768
9b582f203f590949,data/cache/sid/train/9b582f203f590949__a26d5bbba4.png,train,0,0,1024,768
bd46da82a34eec7e,data/cache/sid/train/bd46da82a34eec7e__063ec2ec25.png,train,0,0,1024,741
dbc13536a9ad053c,data/cache/sid/train/dbc13536a9ad053c__bfe002844c.png,train,0,0,1024,768
full_synthetic_059162,data/cache/sid/train/full_synthetic_059162__e10ec4de44.png,train,1,1,1024,1024
full_synthetic_013304,data/cache/sid/train/full_synthetic_013304__6a2bcc7107.png,train,1,1,1024,1024
full_synthetic_065358,data/cache/sid/train/full_synthetic_065358__02a6310413.png,train,1,1,1024,1024
0e0f4af90286975b,data/cache/sid/train/0e0f4af90286975b__57c026110e.png,train,0,0,1024,680
63935db6cb8cb7d6,data/cache/sid/train/63935db6cb8cb7d6__e0e483ab0f.png,train,0,0,1024,682
full_synthetic_020520,data/cache/sid/train/full_synthetic_020520__7e1c74c81d.png,train,1,1,1024,1024
full_synthetic_041428,data/cache/sid/train/full_synthetic_041428__14c84f8de9.png,train,1,1,1024,1024
1eb84be26dab3cba,data/cache/sid/train/1eb84be26dab3cba__8ce6f82606.png,train,0,0,1024,680
full_synthetic_065965,data/cache/sid/train/full_synthetic_065965__5941b43883.png,train,1,1,1024,1024
full_synthetic_027249,data/cache/sid/train/full_synthetic_027249__01adafb5cb.png,train,1,1,1024,1024
full_synthetic_034086,data/cache/sid/train/full_synthetic_034086__1cf70d4c91.png,train,1,1,1024,1024
full_synthetic_044900,data/cache/sid/train/full_synthetic_044900__9b94707b21.png,train,1,1,1024,1024
13f2d8577c7a63b7,data/cache/sid/train/13f2d8577c7a63b7__9411af8725.png,train,0,0,1024,644
full_synthetic_057573,data/cache/sid/train/full_synthetic_057573__35ce250d30.png,train,1,1,1024,1024
72d16d5381336fed,data/cache/sid/train/72d16d5381336fed__28e7d14f3d.png,train,0,0,1024,683
full_synthetic_037505,data/cache/sid/train/full_synthetic_037505__9488d1242a.png,train,1,1,1024,1024
bb99222048731f54,data/cache/sid/train/bb99222048731f54__48d590e0e5.png,train,0,0,1024,768
18bc5848f0700935,data/cache/sid/train/18bc5848f0700935__38eb75d7e7.png,train,0,0,1024,1024
full_synthetic_028202,data/cache/sid/train/full_synthetic_028202__dde82a0f0c.png,train,1,1,1024,1024
3a46e3edd25c49ab,data/cache/sid/train/3a46e3edd25c49ab__eb4cc30d8b.png,train,0,0,1024,768
full_synthetic_028312,data/cache/sid/train/full_synthetic_028312__e1e3ebca2d.png,train,1,1,1024,1024
d200a7a7e94df3eb,data/cache/sid/train/d200a7a7e94df3eb__c8ab869f1c.png,train,0,0,1024,768
full_synthetic_062658,data/cache/sid/train/full_synthetic_062658__94df54c694.png,train,1,1,1024,1024
91f7f54bbfee37f7,data/cache/sid/train/91f7f54bbfee37f7__18eb93806f.png,train,0,0,992,1024
d87f70d34fda4073,data/cache/sid/train/d87f70d34fda4073__ba07bb21a3.png,train,0,0,1024,577
full_synthetic_031291,data/cache/sid/train/full_synthetic_031291__e9b75b6366.png,train,1,1,1024,1024
full_synthetic_047809,data/cache/sid/train/full_synthetic_047809__9f88834e75.png,train,1,1,1024,1024
76db7350169bf20c,data/cache/sid/train/76db7350169bf20c__aee6f39e3e.png,train,0,0,1024,768
full_synthetic_033353,data/cache/sid/train/full_synthetic_033353__38b5542b7b.png,train,1,1,1024,1024
full_synthetic_044696,data/cache/sid/train/full_synthetic_044696__b2bb6b9279.png,train,1,1,1024,1024
full_synthetic_006484,data/cache/sid/train/full_synthetic_006484__eb536ebf76.png,train,1,1,1024,1024
full_synthetic_007774,data/cache/sid/train/full_synthetic_007774__be71e03a14.png,train,1,1,1024,1024
6dc6edc5f2fa3f78,data/cache/sid/train/6dc6edc5f2fa3f78__748b86c06d.png,train,0,0,1024,692
21748f3062e611c0,data/cache/sid/train/21748f3062e611c0__de4a216a31.png,train,0,0,1024,683
full_synthetic_041927,data/cache/sid/train/full_synthetic_041927__d9c78018f6.png,train,1,1,1024,1024
full_synthetic_025027,data/cache/sid/train/full_synthetic_025027__f3fbfec87e.png,train,1,1,1024,1024
full_synthetic_048380,data/cache/sid/train/full_synthetic_048380__5eb1e1f55e.png,train,1,1,1024,1024
full_synthetic_009264,data/cache/sid/train/full_synthetic_009264__dd9bfb72d5.png,train,1,1,1024,1024
6aaea3ee5b0c2f02,data/cache/sid/train/6aaea3ee5b0c2f02__c8ebdfad94.png,train,0,0,1024,576
f07fd56874abe2d6,data/cache/sid/train/f07fd56874abe2d6__26041bf771.png,train,0,0,1024,1024
full_synthetic_062709,data/cache/sid/train/full_synthetic_062709__7d4275eba2.png,train,1,1,1024,1024
full_synthetic_055911,data/cache/sid/train/full_synthetic_055911__e77456565e.png,train,1,1,1024,1024
80403e3b668a3bcb,data/cache/sid/train/80403e3b668a3bcb__5ed2cd1b3e.png,train,0,0,1024,683
2a0abd3ae25d6a6b,data/cache/sid/train/2a0abd3ae25d6a6b__9f899b2c4f.png,train,0,0,768,1024
8fa62630dc8cc395,data/cache/sid/train/8fa62630dc8cc395__d20a308792.png,train,0,0,1024,772
5b609fbd750ce438,data/cache/sid/train/5b609fbd750ce438__8abe5fa86f.png,train,0,0,1024,768
full_synthetic_015140,data/cache/sid/train/full_synthetic_015140__5ac8db1577.png,train,1,1,1024,1024
a91e1d2d09c13ff7,data/cache/sid/train/a91e1d2d09c13ff7__de39c119f5.png,train,0,0,942,1024
5cf1239906044308,data/cache/sid/train/5cf1239906044308__ba3ac2b337.png,train,0,0,1024,683
full_synthetic_026478,data/cache/sid/train/full_synthetic_026478__6eb1ee25f7.png,train,1,1,1024,1024
full_synthetic_017914,data/cache/sid/train/full_synthetic_017914__a2271e43c3.png,train,1,1,1024,1024
full_synthetic_019681,data/cache/sid/train/full_synthetic_019681__d3c06e024a.png,train,1,1,1024,1024
66f975ff3b352fc9,data/cache/sid/train/66f975ff3b352fc9__56a9cbc0be.png,train,0,0,1024,768
full_synthetic_023417,data/cache/sid/train/full_synthetic_023417__eaeade9bf9.png,train,1,1,1024,1024
full_synthetic_004102,data/cache/sid/train/full_synthetic_004102__83d99290e6.png,train,1,1,1024,1024
2ffdc27ac8ba929d,data/cache/sid/train/2ffdc27ac8ba929d__dbf2872f48.png,train,0,0,1024,768
full_synthetic_027473,data/cache/sid/train/full_synthetic_027473__8e28fa768a.png,train,1,1,1024,1024
54c7aefb9f9cce1b,data/cache/sid/train/54c7aefb9f9cce1b__7134c6b376.png,train,0,0,1024,683
full_synthetic_045501,data/cache/sid/train/full_synthetic_045501__1a0bb8e452.png,train,1,1,1024,1024
ef881de793dd2b1c,data/cache/sid/train/ef881de793dd2b1c__3e6f33b6c8.png,train,0,0,1024,768
full_synthetic_034945,data/cache/sid/train/full_synthetic_034945__75f20f8cbf.png,train,1,1,1024,1024
5693488cd9cdb949,data/cache/sid/train/5693488cd9cdb949__c32721e7ea.png,train,0,0,1024,683
1abcdfbac9a6e229,data/cache/sid/train/1abcdfbac9a6e229__d367b7f1a2.png,train,0,0,1024,683
ef9d804aa27819b6,data/cache/sid/train/ef9d804aa27819b6__37b3f98a35.png,train,0,0,1024,694
aa39c0989df7627d,data/cache/sid/train/aa39c0989df7627d__1e9350d37e.png,train,0,0,1024,681
15d3d1e0e63e1cb0,data/cache/sid/train/15d3d1e0e63e1cb0__e39f6842ca.png,train,0,0,1024,683
ce4f0f4e8a6b573d,data/cache/sid/train/ce4f0f4e8a6b573d__84c8c12941.png,train,0,0,1024,683
full_synthetic_055466,data/cache/sid/train/full_synthetic_055466__7c4dc4030f.png,train,1,1,1024,1024
full_synthetic_062118,data/cache/sid/train/full_synthetic_062118__479b542370.png,train,1,1,1024,1024
full_synthetic_005566,data/cache/sid/train/full_synthetic_005566__826cfa1ca1.png,train,1,1,1024,1024
full_synthetic_003915,data/cache/sid/train/full_synthetic_003915__3c5fdea5d1.png,train,1,1,1024,1024
full_synthetic_013555,data/cache/sid/train/full_synthetic_013555__7ecc3c94fb.png,train,1,1,1024,1024
full_synthetic_000896,data/cache/sid/train/full_synthetic_000896__87802f532c.png,train,1,1,1024,1024
de7e220311ae505f,data/cache/sid/train/de7e220311ae505f__e31544a00f.png,train,0,0,1024,768
21379d15d57591a4,data/cache/sid/train/21379d15d57591a4__135a409a03.png,train,0,0,1024,768
052e9fe1d5b57bcb,data/cache/sid/train/052e9fe1d5b57bcb__e74f28c725.png,train,0,0,1024,1024
2c9c9687fee79ecd,data/cache/sid/train/2c9c9687fee79ecd__add0f66e3c.png,train,0,0,1024,683
full_synthetic_024704,data/cache/sid/train/full_synthetic_024704__e725882a1a.png,train,1,1,1024,1024
full_synthetic_003852,data/cache/sid/train/full_synthetic_003852__27a35c3c13.png,train,1,1,1024,1024
full_synthetic_062388,data/cache/sid/train/full_synthetic_062388__8b77c2991c.png,train,1,1,1024,1024
full_synthetic_013569,data/cache/sid/train/full_synthetic_013569__60cbfc0842.png,train,1,1,1024,1024
8c9884f244ec2f46,data/cache/sid/train/8c9884f244ec2f46__b1232e2a21.png,train,0,0,737,1024
full_synthetic_040084,data/cache/sid/train/full_synthetic_040084__7983f9bccd.png,train,1,1,1024,1024
full_synthetic_053188,data/cache/sid/train/full_synthetic_053188__c5f30c4a58.png,train,1,1,1024,1024
3f351b186ed2da20,data/cache/sid/train/3f351b186ed2da20__56244c0e56.png,train,0,0,1024,683
9166bddef56875f4,data/cache/sid/train/9166bddef56875f4__527329f63f.png,train,0,0,1024,890
full_synthetic_023273,data/cache/sid/train/full_synthetic_023273__8f7bef4917.png,train,1,1,1024,1024
full_synthetic_005171,data/cache/sid/train/full_synthetic_005171__4d982616b5.png,train,1,1,1024,1024
e1f30bcec0c6ac7e,data/cache/sid/train/e1f30bcec0c6ac7e__643dfff9c8.png,train,0,0,1024,768
5702fd8da63c7793,data/cache/sid/train/5702fd8da63c7793__3f776422bd.png,train,0,0,683,1024
full_synthetic_006169,data/cache/sid/train/full_synthetic_006169__610e81ae7e.png,train,1,1,1024,1024
4cdfae3748b04e69,data/cache/sid/train/4cdfae3748b04e69__3425661a04.png,train,0,0,1024,817
7f45626d9df09012,data/cache/sid/train/7f45626d9df09012__8424456fea.png,train,0,0,1024,683
1b28a7686a6cf730,data/cache/sid/train/1b28a7686a6cf730__580214e746.png,train,0,0,768,1024
full_synthetic_047587,data/cache/sid/train/full_synthetic_047587__686d066dd0.png,train,1,1,1024,1024
full_synthetic_002195,data/cache/sid/train/full_synthetic_002195__214d265804.png,train,1,1,1024,1024
full_synthetic_063997,data/cache/sid/train/full_synthetic_063997__2d6202ef0c.png,train,1,1,1024,1024
8eecbfbcc6f7f1fe,data/cache/sid/train/8eecbfbcc6f7f1fe__f3d30e3731.png,train,0,0,683,1024
9b26094c6be4eb22,data/cache/sid/train/9b26094c6be4eb22__5dd826b3f7.png,train,0,0,1024,680
full_synthetic_042779,data/cache/sid/train/full_synthetic_042779__01f1cdd855.png,train,1,1,1024,1024
full_synthetic_065135,data/cache/sid/train/full_synthetic_065135__cc101e2409.png,train,1,1,1024,1024
7c2e1a4a33ad6f03,data/cache/sid/train/7c2e1a4a33ad6f03__6e15bfd6a4.png,train,0,0,1024,768
full_synthetic_064372,data/cache/sid/train/full_synthetic_064372__754ab53130.png,train,1,1,1024,1024
293e3b4be1e06887,data/cache/sid/train/293e3b4be1e06887__c282d8b49f.png,train,0,0,1024,768
2a638f50cd4b17da,data/cache/sid/train/2a638f50cd4b17da__ef74ac8150.png,train,0,0,1024,768
2beeba7302aa2dcc,data/cache/sid/train/2beeba7302aa2dcc__ad32b16114.png,train,0,0,1024,683
full_synthetic_041075,data/cache/sid/train/full_synthetic_041075__47e1fa9e59.png,train,1,1,1024,1024
9d80550d3d81c36a,data/cache/sid/train/9d80550d3d81c36a__36e49e7600.png,train,0,0,1024,679
16fb3e3656ccd46f,data/cache/sid/train/16fb3e3656ccd46f__27b8261f9a.png,train,0,0,1024,678
full_synthetic_043459,data/cache/sid/train/full_synthetic_043459__90e295816d.png,train,1,1,1024,1024
0bcf255eadbdfe65,data/cache/sid/train/0bcf255eadbdfe65__a3c112f465.png,train,0,0,1024,683
1d731b8327ae2f35,data/cache/sid/train/1d731b8327ae2f35__db78a033fe.png,train,0,0,768,1024
04523c420786b71e,data/cache/sid/train/04523c420786b71e__e719383ec3.png,train,0,0,1024,683
full_synthetic_008578,data/cache/sid/train/full_synthetic_008578__6977d1d403.png,train,1,1,1024,1024
516e02c15df206e5,data/cache/sid/train/516e02c15df206e5__30ea6e6989.png,train,0,0,1024,680
full_synthetic_064140,data/cache/sid/train/full_synthetic_064140__188a93b508.png,train,1,1,1024,1024
full_synthetic_063970,data/cache/sid/train/full_synthetic_063970__f4081f5e39.png,train,1,1,1024,1024
d458fb02f0561915,data/cache/sid/train/d458fb02f0561915__d62b8eaf5a.png,train,0,0,1024,1024
abe0c97c28320091,data/cache/sid/train/abe0c97c28320091__12b2e85e30.png,train,0,0,1024,1024
full_synthetic_018266,data/cache/sid/train/full_synthetic_018266__8ee2605c81.png,train,1,1,1024,1024
full_synthetic_013733,data/cache/sid/train/full_synthetic_013733__0170caca0f.png,train,1,1,1024,1024
d391c301f3b6825d,data/cache/sid/train/d391c301f3b6825d__117263b334.png,train,0,0,1024,766
97ec277076185ccd,data/cache/sid/train/97ec277076185ccd__4b7a1d8c5d.png,train,0,0,768,1024
c0ab852f24c4a1b8,data/cache/sid/train/c0ab852f24c4a1b8__c1b6487c02.png,train,0,0,1024,768
full_synthetic_004338,data/cache/sid/train/full_synthetic_004338__f76d686c74.png,train,1,1,1024,1024
full_synthetic_020167,data/cache/sid/train/full_synthetic_020167__6285c16bb1.png,train,1,1,1024,1024
full_synthetic_011909,data/cache/sid/train/full_synthetic_011909__2229ec2810.png,train,1,1,1024,1024
c8e12f0a9c6f4f0a,data/cache/sid/train/c8e12f0a9c6f4f0a__1f09e11fee.png,train,0,0,1024,768
full_synthetic_068143,data/cache/sid/train/full_synthetic_068143__7c17e50904.png,train,1,1,1024,1024
full_synthetic_015846,data/cache/sid/train/full_synthetic_015846__4f8fb6ba8b.png,train,1,1,1024,1024
full_synthetic_046499,data/cache/sid/train/full_synthetic_046499__63c6cdd1a8.png,train,1,1,1024,1024
2aa3fcf60023299f,data/cache/sid/train/2aa3fcf60023299f__2cccf60295.png,train,0,0,1024,673
full_synthetic_016441,data/cache/sid/train/full_synthetic_016441__97dc82a448.png,train,1,1,1024,1024
full_synthetic_067934,data/cache/sid/train/full_synthetic_067934__7637c772b0.png,train,1,1,1024,1024
f991c555003e6105,data/cache/sid/train/f991c555003e6105__cbfa6b50da.png,train,0,0,1024,768
efc8cd1106678a1e,data/cache/sid/train/efc8cd1106678a1e__144a62a219.png,train,0,0,1024,768
full_synthetic_047188,data/cache/sid/train/full_synthetic_047188__49a7405e74.png,train,1,1,1024,1024
6fdeeed5eac44c7f,data/cache/sid/train/6fdeeed5eac44c7f__a173112429.png,train,0,0,1024,768
533be4390625307f,data/cache/sid/train/533be4390625307f__c60abeda1c.png,train,0,0,1024,676
full_synthetic_062602,data/cache/sid/train/full_synthetic_062602__a5e74091e4.png,train,1,1,1024,1024
174d6216696419ac,data/cache/sid/train/174d6216696419ac__b5c22fa7cb.png,train,0,0,1024,768
full_synthetic_039828,data/cache/sid/train/full_synthetic_039828__4b7960e035.png,train,1,1,1024,1024
full_synthetic_069470,data/cache/sid/train/full_synthetic_069470__6eab739908.png,train,1,1,1024,1024
d49b82ef3340504c,data/cache/sid/train/d49b82ef3340504c__98b4d05abb.png,train,0,0,1024,768
full_synthetic_055772,data/cache/sid/train/full_synthetic_055772__ede3ddf278.png,train,1,1,1024,1024
full_synthetic_063384,data/cache/sid/train/full_synthetic_063384__f77a94cf3d.png,train,1,1,1024,1024
685c6f80cb1858fe,data/cache/sid/train/685c6f80cb1858fe__3c7daf1757.png,train,0,0,1024,682
d09bfeeb11393477,data/cache/sid/train/d09bfeeb11393477__87639a9231.png,train,0,0,1024,575
full_synthetic_050379,data/cache/sid/train/full_synthetic_050379__999e3e7910.png,train,1,1,1024,1024
full_synthetic_007259,data/cache/sid/train/full_synthetic_007259__0f6de40630.png,train,1,1,1024,1024
full_synthetic_057970,data/cache/sid/train/full_synthetic_057970__d8fe7754f7.png,train,1,1,1024,1024
9e036bff24f8ca15,data/cache/sid/train/9e036bff24f8ca15__993797eb60.png,train,0,0,878,1024
b920c9be8e7ebf83,data/cache/sid/train/b920c9be8e7ebf83__3f235526ad.png,train,0,0,1024,816
full_synthetic_046820,data/cache/sid/train/full_synthetic_046820__b68f21ce34.png,train,1,1,1024,1024
full_synthetic_017332,data/cache/sid/train/full_synthetic_017332__fd1039e1c7.png,train,1,1,1024,1024
full_synthetic_048754,data/cache/sid/train/full_synthetic_048754__cf1cb50cba.png,train,1,1,1024,1024
f63e5588af578a84,data/cache/sid/train/f63e5588af578a84__1f3e028955.png,train,0,0,1024,683
4024aa4c83fa68c1,data/cache/sid/train/4024aa4c83fa68c1__82a1e17626.png,train,0,0,1024,683
full_synthetic_059222,data/cache/sid/train/full_synthetic_059222__6c579718f5.png,train,1,1,1024,1024
e2977fb78cdd3955,data/cache/sid/train/e2977fb78cdd3955__8057fd30d6.png,train,0,0,687,1024
db9afc2d13fe5bc9,data/cache/sid/train/db9afc2d13fe5bc9__0f68406660.png,train,0,0,1024,683
a13757adb2b69f23,data/cache/sid/train/a13757adb2b69f23__fc3f5afb28.png,train,0,0,1024,1002
full_synthetic_058638,data/cache/sid/train/full_synthetic_058638__97086852d2.png,train,1,1,1024,1024
1bd3ba5185dada2a,data/cache/sid/train/1bd3ba5185dada2a__c1f782741f.png,train,0,0,1024,684
full_synthetic_031141,data/cache/sid/train/full_synthetic_031141__2e6c103aa5.png,train,1,1,1024,1024
full_synthetic_014471,data/cache/sid/train/full_synthetic_014471__e13145479d.png,train,1,1,1024,1024
full_synthetic_050280,data/cache/sid/train/full_synthetic_050280__bb814911f8.png,train,1,1,1024,1024
e10822a5ace5a937,data/cache/sid/train/e10822a5ace5a937__14c6a15420.png,train,0,0,1024,683
66cc3ab1a916f962,data/cache/sid/train/66cc3ab1a916f962__a6dd2728e6.png,train,0,0,1024,685
full_synthetic_015918,data/cache/sid/train/full_synthetic_015918__78865e1899.png,train,1,1,1024,1024
full_synthetic_042550,data/cache/sid/train/full_synthetic_042550__966d8fc0ee.png,train,1,1,1024,1024
2f490dcba9f6e44e,data/cache/sid/train/2f490dcba9f6e44e__75efd68b9c.png,train,0,0,1024,677
e27ba28413e344f8,data/cache/sid/train/e27ba28413e344f8__23288e8fac.png,train,0,0,1024,768
full_synthetic_069068,data/cache/sid/train/full_synthetic_069068__4377286c8b.png,train,1,1,1024,1024
85c8384d786534a2,data/cache/sid/train/85c8384d786534a2__5d6bd986eb.png,train,0,0,1024,732
130927bc28a7c6a4,data/cache/sid/train/130927bc28a7c6a4__51a747e55e.png,train,0,0,1024,768
full_synthetic_034894,data/cache/sid/train/full_synthetic_034894__e9d6ce87f2.png,train,1,1,1024,1024
c58aebdad8f5613c,data/cache/sid/train/c58aebdad8f5613c__d1449c4aa5.png,train,0,0,1024,682
full_synthetic_061397,data/cache/sid/train/full_synthetic_061397__15aaefa376.png,train,1,1,1024,1024
full_synthetic_036195,data/cache/sid/train/full_synthetic_036195__f00f9f5edc.png,train,1,1,1024,1024
9f2c2560a72d603c,data/cache/sid/train/9f2c2560a72d603c__0dcb0fb21f.png,train,0,0,1024,768
c2aa515dc1215dbf,data/cache/sid/train/c2aa515dc1215dbf__aca257761b.png,train,0,0,1024,768
3cb926b1568e0a01,data/cache/sid/train/3cb926b1568e0a01__78aa0b4f14.png,train,0,0,1024,768
full_synthetic_067048,data/cache/sid/train/full_synthetic_067048__d590a13645.png,train,1,1,1024,1024
full_synthetic_023605,data/cache/sid/train/full_synthetic_023605__f252b27049.png,train,1,1,1024,1024
full_synthetic_053149,data/cache/sid/train/full_synthetic_053149__5f9b59a821.png,train,1,1,1024,1024
full_synthetic_011599,data/cache/sid/train/full_synthetic_011599__ba39b65592.png,train,1,1,1024,1024
47b2b0005dbabcbe,data/cache/sid/train/47b2b0005dbabcbe__46fcf2bc82.png,train,0,0,1024,1024
1e25d25e48c91200,data/cache/sid/train/1e25d25e48c91200__f509fa04e8.png,train,0,0,452,1024
41c86261b5e77ce9,data/cache/sid/train/41c86261b5e77ce9__a52241e5e5.png,train,0,0,1024,768
full_synthetic_042414,data/cache/sid/train/full_synthetic_042414__fa32516cea.png,train,1,1,1024,1024
full_synthetic_051661,data/cache/sid/train/full_synthetic_051661__4076028388.png,train,1,1,1024,1024
full_synthetic_010018,data/cache/sid/train/full_synthetic_010018__19d05b329c.png,train,1,1,1024,1024
3ba7a948d5beed7c,data/cache/sid/train/3ba7a948d5beed7c__e74f08d672.png,train,0,0,1024,685
full_synthetic_037534,data/cache/sid/train/full_synthetic_037534__1aed7fc565.png,train,1,1,1024,1024
6711c6a1524776a7,data/cache/sid/train/6711c6a1524776a7__84751a4bb3.png,train,0,0,1024,768
508af48d2c4e8078,data/cache/sid/train/508af48d2c4e8078__48f6e39247.png,train,0,0,1024,768
7ac2db5b28f665a7,data/cache/sid/train/7ac2db5b28f665a7__93993d12fd.png,train,0,0,1024,819
full_synthetic_029758,data/cache/sid/train/full_synthetic_029758__3b1b8362fb.png,train,1,1,1024,1024
full_synthetic_041272,data/cache/sid/train/full_synthetic_041272__249925866e.png,train,1,1,1024,1024
f2b82b041c690ab3,data/cache/sid/train/f2b82b041c690ab3__200520890d.png,train,0,0,683,1024
full_synthetic_043465,data/cache/sid/train/full_synthetic_043465__a81144aa4f.png,train,1,1,1024,1024
full_synthetic_039994,data/cache/sid/train/full_synthetic_039994__bcf222ccbf.png,train,1,1,1024,1024
0005a29f3c8820fc,data/cache/sid/train/0005a29f3c8820fc__ea47788c5e.png,train,0,0,1024,683
full_synthetic_007975,data/cache/sid/train/full_synthetic_007975__9eccc5f42a.png,train,1,1,1024,1024
d8d3af364c89376b,data/cache/sid/train/d8d3af364c89376b__7ef3b58899.png,train,0,0,1024,768
full_synthetic_047173,data/cache/sid/train/full_synthetic_047173__4f1ed2cfcd.png,train,1,1,1024,1024
b0ed0e403f7226c1,data/cache/sid/train/b0ed0e403f7226c1__97614b5583.png,train,0,0,1024,683
full_synthetic_026191,data/cache/sid/train/full_synthetic_026191__e3c480a425.png,train,1,1,1024,1024
a1ac694f4fe5f41a,data/cache/sid/train/a1ac694f4fe5f41a__5e9e681869.png,train,0,0,1024,561
full_synthetic_069837,data/cache/sid/train/full_synthetic_069837__eef2b3911e.png,train,1,1,1024,1024
295bb857a6c5de83,data/cache/sid/train/295bb857a6c5de83__099daae358.png,train,0,0,703,1024
full_synthetic_038176,data/cache/sid/train/full_synthetic_038176__a0c3f81433.png,train,1,1,1024,1024
full_synthetic_054341,data/cache/sid/train/full_synthetic_054341__5682b93524.png,train,1,1,1024,1024
0d688597894682b0,data/cache/sid/train/0d688597894682b0__0b1e92aebd.png,train,0,0,771,1024
168bb6117a7f7845,data/cache/sid/train/168bb6117a7f7845__95c9db9ce2.png,train,0,0,1024,768
0f178d70dc9ca282,data/cache/sid/train/0f178d70dc9ca282__eda75724e5.png,train,0,0,1024,757
03c689cb7bba1af9,data/cache/sid/train/03c689cb7bba1af9__e993345b6c.png,train,0,0,1024,846
full_synthetic_019158,data/cache/sid/train/full_synthetic_019158__ec3a0fadb3.png,train,1,1,1024,1024
full_synthetic_048400,data/cache/sid/train/full_synthetic_048400__857e3c13d8.png,train,1,1,1024,1024
90e2bd1a81c656cb,data/cache/sid/train/90e2bd1a81c656cb__13c459d1b9.png,train,0,0,1024,576
fad02dba81e90daa,data/cache/sid/train/fad02dba81e90daa__c05fadcfa5.png,train,0,0,1024,768
full_synthetic_041334,data/cache/sid/train/full_synthetic_041334__f2dbc3b33b.png,train,1,1,1024,1024
full_synthetic_060844,data/cache/sid/train/full_synthetic_060844__a2d64f06f6.png,train,1,1,1024,1024
1af719ca7dc88e51,data/cache/sid/train/1af719ca7dc88e51__c778149f61.png,train,0,0,1024,680
89724c8444386294,data/cache/sid/train/89724c8444386294__2726bd47bc.png,train,0,0,1024,682
cf30e19c518e6ca8,data/cache/sid/train/cf30e19c518e6ca8__09def081c1.png,train,0,0,1024,678
full_synthetic_008547,data/cache/sid/train/full_synthetic_008547__aeed66c61e.png,train,1,1,1024,1024
bcc20bf8cf3c8678,data/cache/sid/train/bcc20bf8cf3c8678__a1ec90ac53.png,train,0,0,1024,683
8c84fb5bb42073f7,data/cache/sid/train/8c84fb5bb42073f7__3e9d341e5e.png,train,0,0,1024,768
33ebb82ece913642,data/cache/sid/train/33ebb82ece913642__4f4243387b.png,train,0,0,1024,678
full_synthetic_036649,data/cache/sid/train/full_synthetic_036649__1275f22977.png,train,1,1,1024,1024
a35f79318fff3466,data/cache/sid/train/a35f79318fff3466__73a628f0df.png,train,0,0,1024,768
49fa38586752896d,data/cache/sid/train/49fa38586752896d__e1e97c0dfd.png,train,0,0,1024,768
full_synthetic_034999,data/cache/sid/train/full_synthetic_034999__31d3243b5b.png,train,1,1,1024,1024
full_synthetic_012764,data/cache/sid/train/full_synthetic_012764__657f14d41b.png,train,1,1,1024,1024
08f247d33b3602f5,data/cache/sid/train/08f247d33b3602f5__f8ceb180e7.png,train,0,0,1024,683
full_synthetic_015572,data/cache/sid/train/full_synthetic_015572__66e41bfa4f.png,train,1,1,1024,1024
full_synthetic_063409,data/cache/sid/train/full_synthetic_063409__772684215a.png,train,1,1,1024,1024
16e226e0a0d3d153,data/cache/sid/train/16e226e0a0d3d153__681df0a501.png,train,0,0,1024,770
full_synthetic_017518,data/cache/sid/train/full_synthetic_017518__1486defffa.png,train,1,1,1024,1024
full_synthetic_065242,data/cache/sid/train/full_synthetic_065242__3c7f45ca85.png,train,1,1,1024,1024
full_synthetic_058629,data/cache/sid/train/full_synthetic_058629__46d3d1d5fd.png,train,1,1,1024,1024
959dd4cff876d9ec,data/cache/sid/train/959dd4cff876d9ec__9c5fbe2b8d.png,train,0,0,1024,768
full_synthetic_060243,data/cache/sid/train/full_synthetic_060243__eb85ad1d92.png,train,1,1,1024,1024
full_synthetic_061188,data/cache/sid/train/full_synthetic_061188__b5072dd778.png,train,1,1,1024,1024
full_synthetic_021241,data/cache/sid/train/full_synthetic_021241__65157107a2.png,train,1,1,1024,1024
full_synthetic_025458,data/cache/sid/train/full_synthetic_025458__9e1a847011.png,train,1,1,1024,1024
full_synthetic_030532,data/cache/sid/train/full_synthetic_030532__ed1f3047fc.png,train,1,1,1024,1024
1b7e9f8bcc005045,data/cache/sid/train/1b7e9f8bcc005045__f5259d0733.png,train,0,0,1024,688
3f215a6d7940717c,data/cache/sid/train/3f215a6d7940717c__5079326b96.png,train,0,0,819,1024
676e54eaa5675c1f,data/cache/sid/train/676e54eaa5675c1f__c7776cfee0.png,train,0,0,1024,768
full_synthetic_026575,data/cache/sid/train/full_synthetic_026575__912da5a8a9.png,train,1,1,1024,1024
full_synthetic_048328,data/cache/sid/train/full_synthetic_048328__fcf14ddde9.png,train,1,1,1024,1024
e6660bf79bb76fb7,data/cache/sid/train/e6660bf79bb76fb7__d9571b320a.png,train,0,0,1024,683
full_synthetic_040560,data/cache/sid/train/full_synthetic_040560__2743962a6d.png,train,1,1,1024,1024
full_synthetic_023447,data/cache/sid/train/full_synthetic_023447__3e16e2bee2.png,train,1,1,1024,1024
121863f4da7ded0c,data/cache/sid/train/121863f4da7ded0c__f558412b7b.png,train,0,0,1024,515
full_synthetic_030102,data/cache/sid/train/full_synthetic_030102__1e2c7b7be4.png,train,1,1,1024,1024
2e3e0dc3f93bb1d2,data/cache/sid/train/2e3e0dc3f93bb1d2__e1223db504.png,train,0,0,1024,681
full_synthetic_042444,data/cache/sid/train/full_synthetic_042444__d06f477106.png,train,1,1,1024,1024
66e2c1fefcc20632,data/cache/sid/train/66e2c1fefcc20632__74e2df6c4b.png,train,0,0,1024,680
full_synthetic_014437,data/cache/sid/train/full_synthetic_014437__835c0b1b30.png,train,1,1,1024,1024
full_synthetic_050683,data/cache/sid/train/full_synthetic_050683__62989c4042.png,train,1,1,1024,1024
03502e41c728a108,data/cache/sid/train/03502e41c728a108__23e6e18a79.png,train,0,0,1024,768
full_synthetic_002367,data/cache/sid/train/full_synthetic_002367__3972eede44.png,train,1,1,1024,1024
bbf49496fea72461,data/cache/sid/train/bbf49496fea72461__3a7a6ece08.png,train,0,0,1024,680
f2bef0679cb82282,data/cache/sid/train/f2bef0679cb82282__9d0cced525.png,train,0,0,1024,768
ced213111c5edaf6,data/cache/sid/train/ced213111c5edaf6__fdb9d1b6bd.png,train,0,0,1024,683
109981576952d4e3,data/cache/sid/train/109981576952d4e3__6e801bf870.png,train,0,0,1024,768
200561b407403108,data/cache/sid/train/200561b407403108__440a76efa0.png,train,0,0,1024,768
2f33d9b7c7a94467,data/cache/sid/train/2f33d9b7c7a94467__78d2bae3d3.png,train,0,0,1024,678
7ebcade632af2e60,data/cache/sid/train/7ebcade632af2e60__4c77773aaa.png,train,0,0,1024,768
full_synthetic_018703,data/cache/sid/train/full_synthetic_018703__965b247d9a.png,train,1,1,1024,1024
63c0ef38fbf8d317,data/cache/sid/train/63c0ef38fbf8d317__54bae327f5.png,train,0,0,1024,699
full_synthetic_055916,data/cache/sid/train/full_synthetic_055916__3bfd341b06.png,train,1,1,1024,1024
full_synthetic_027469,data/cache/sid/train/full_synthetic_027469__65763384fb.png,train,1,1,1024,1024
e49d288767cdb7e5,data/cache/sid/train/e49d288767cdb7e5__c020af0fdb.png,train,0,0,959,1024
9ea181a5d374ef3b,data/cache/sid/train/9ea181a5d374ef3b__c069f07141.png,train,0,0,1024,768
full_synthetic_055062,data/cache/sid/train/full_synthetic_055062__a65d88e378.png,train,1,1,1024,1024
full_synthetic_066352,data/cache/sid/train/full_synthetic_066352__bb459bfd43.png,train,1,1,1024,1024
full_synthetic_050021,data/cache/sid/train/full_synthetic_050021__ced52606b8.png,train,1,1,1024,1024
d017882fc57674a0,data/cache/sid/train/d017882fc57674a0__1bcd3b3d72.png,train,0,0,1024,683
full_synthetic_058751,data/cache/sid/train/full_synthetic_058751__2d69a77488.png,train,1,1,1024,1024
1371ac388e25c97e,data/cache/sid/train/1371ac388e25c97e__5aad8d55d5.png,train,0,0,768,1024
full_synthetic_052295,data/cache/sid/train/full_synthetic_052295__8a360161e0.png,train,1,1,1024,1024
4af3cb23dec38930,data/cache/sid/train/4af3cb23dec38930__2e47c4b761.png,train,0,0,1024,526
full_synthetic_020476,data/cache/sid/train/full_synthetic_020476__2aece035a7.png,train,1,1,1024,1024
full_synthetic_037842,data/cache/sid/train/full_synthetic_037842__b6b44382e7.png,train,1,1,1024,1024
3c9b82384cabfa4b,data/cache/sid/train/3c9b82384cabfa4b__2e69b97f8a.png,train,0,0,1024,644
3e3cafab3bd16cf5,data/cache/sid/train/3e3cafab3bd16cf5__e0f00e6ba4.png,train,0,0,1024,595
66f42f25a50867a4,data/cache/sid/train/66f42f25a50867a4__86767214ff.png,train,0,0,1024,1024
full_synthetic_020766,data/cache/sid/train/full_synthetic_020766__631fefe978.png,train,1,1,1024,1024
full_synthetic_053055,data/cache/sid/train/full_synthetic_053055__4fe0f1e27f.png,train,1,1,1024,1024
4acd3b55aa540341,data/cache/sid/train/4acd3b55aa540341__0c6871009e.png,train,0,0,1024,768
full_synthetic_008680,data/cache/sid/train/full_synthetic_008680__12ca1b0cee.png,train,1,1,1024,1024
full_synthetic_018250,data/cache/sid/train/full_synthetic_018250__fe62872e45.png,train,1,1,1024,1024
full_synthetic_006613,data/cache/sid/train/full_synthetic_006613__6a56fabab8.png,train,1,1,1024,1024
full_synthetic_016531,data/cache/sid/train/full_synthetic_016531__2b44d79887.png,train,1,1,1024,1024
full_synthetic_065734,data/cache/sid/train/full_synthetic_065734__b2f6363d77.png,train,1,1,1024,1024
0d96f8f8d6a6e66b,data/cache/sid/train/0d96f8f8d6a6e66b__0f55702323.png,train,0,0,1024,576
ce920dbe167b7bb8,data/cache/sid/train/ce920dbe167b7bb8__a19b7cccbe.png,train,0,0,1024,683
43c59cbea9e0e352,data/cache/sid/train/43c59cbea9e0e352__a9c3c728fe.png,train,0,0,1024,676
full_synthetic_021382,data/cache/sid/train/full_synthetic_021382__bde9460bee.png,train,1,1,1024,1024
full_synthetic_044129,data/cache/sid/train/full_synthetic_044129__1a3a977a6e.png,train,1,1,1024,1024
69cdca515778e64e,data/cache/sid/train/69cdca515778e64e__8e61907764.png,train,0,0,1024,768
full_synthetic_012176,data/cache/sid/train/full_synthetic_012176__a7f22ce3f6.png,train,1,1,1024,1024
8c67092058bed8e1,data/cache/sid/train/8c67092058bed8e1__9212f4772f.png,train,0,0,1024,768
0606f87623b6ff66,data/cache/sid/train/0606f87623b6ff66__38a249e73c.png,train,0,0,1024,681
f89209b2bd1f7d30,data/cache/sid/train/f89209b2bd1f7d30__1c007adeb9.png,train,0,0,1024,679
full_synthetic_044376,data/cache/sid/train/full_synthetic_044376__76551b1ce4.png,train,1,1,1024,1024
0767b727fb406cb6,data/cache/sid/train/0767b727fb406cb6__17dfd0d2cd.png,train,0,0,1024,686
cc6edf7feedbfd70,data/cache/sid/train/cc6edf7feedbfd70__efb697c88f.png,train,0,0,1024,768
full_synthetic_009629,data/cache/sid/train/full_synthetic_009629__b76c441899.png,train,1,1,1024,1024
full_synthetic_018237,data/cache/sid/train/full_synthetic_018237__20852d4f41.png,train,1,1,1024,1024
full_synthetic_045936,data/cache/sid/train/full_synthetic_045936__de8768e16d.png,train,1,1,1024,1024
ebe8d9a234534cc6,data/cache/sid/train/ebe8d9a234534cc6__12724665e0.png,train,0,0,683,1024
full_synthetic_039538,data/cache/sid/train/full_synthetic_039538__7eb41d9805.png,train,1,1,1024,1024
029ba4870447a902,data/cache/sid/train/029ba4870447a902__5f1549fbf5.png,train,0,0,768,1024
0022fdfc1880d432,data/cache/sid/train/0022fdfc1880d432__209c487de9.png,train,0,0,1024,768
full_synthetic_051137,data/cache/sid/train/full_synthetic_051137__145519aaff.png,train,1,1,1024,1024
full_synthetic_044288,data/cache/sid/train/full_synthetic_044288__99af4111ff.png,train,1,1,1024,1024
full_synthetic_064848,data/cache/sid/train/full_synthetic_064848__61aecdf79f.png,train,1,1,1024,1024
f9fb80131817593a,data/cache/sid/train/f9fb80131817593a__e463ea8a97.png,train,0,0,1024,768
2aa0c514f81b1cb8,data/cache/sid/train/2aa0c514f81b1cb8__63e68643fe.png,train,0,0,1024,1024
e313e6af499abfc2,data/cache/sid/train/e313e6af499abfc2__f195d91a9b.png,train,0,0,768,1024
2d035808c195aa1a,data/cache/sid/train/2d035808c195aa1a__b320f39157.png,train,0,0,1024,683
full_synthetic_033925,data/cache/sid/train/full_synthetic_033925__841d423748.png,train,1,1,1024,1024
full_synthetic_066325,data/cache/sid/train/full_synthetic_066325__3340e38fd2.png,train,1,1,1024,1024
full_synthetic_066580,data/cache/sid/train/full_synthetic_066580__43cbcefc07.png,train,1,1,1024,1024
full_synthetic_017829,data/cache/sid/train/full_synthetic_017829__1b4c26b8bf.png,train,1,1,1024,1024
full_synthetic_019679,data/cache/sid/train/full_synthetic_019679__e3d5d417ca.png,train,1,1,1024,1024
75a5eb3cc39a38c5,data/cache/sid/train/75a5eb3cc39a38c5__46ceaa86a9.png,train,0,0,1024,768
3681a41969165cbd,data/cache/sid/train/3681a41969165cbd__4605df3b51.png,train,0,0,1024,768
013b758ee1792132,data/cache/sid/train/013b758ee1792132__272573093d.png,train,0,0,1024,768
79c228e89f496150,data/cache/sid/train/79c228e89f496150__e8acb0db24.png,train,0,0,1024,768
full_synthetic_016361,data/cache/sid/train/full_synthetic_016361__f3b0b0a669.png,train,1,1,1024,1024
c4e7af7fc876994c,data/cache/sid/train/c4e7af7fc876994c__3312f1a25c.png,train,0,0,1024,819
539387db0919673a,data/cache/sid/train/539387db0919673a__75ea4a581f.png,train,0,0,1024,768
068f8848fc313d1c,data/cache/sid/train/068f8848fc313d1c__f1d6103ed8.png,train,0,0,1024,576
full_synthetic_051934,data/cache/sid/train/full_synthetic_051934__85b585c1da.png,train,1,1,1024,1024
full_synthetic_054513,data/cache/sid/train/full_synthetic_054513__0a5f5f759b.png,train,1,1,1024,1024
full_synthetic_049162,data/cache/sid/train/full_synthetic_049162__1a5dbff14b.png,train,1,1,1024,1024
57e5625650d18e3f,data/cache/sid/train/57e5625650d18e3f__d99cf42ba9.png,train,0,0,1024,768
full_synthetic_043869,data/cache/sid/train/full_synthetic_043869__2bdbc1737c.png,train,1,1,1024,1024
full_synthetic_008683,data/cache/sid/train/full_synthetic_008683__ebba7d6794.png,train,1,1,1024,1024
full_synthetic_067201,data/cache/sid/train/full_synthetic_067201__c52bdc2d41.png,train,1,1,1024,1024
full_synthetic_035390,data/cache/sid/train/full_synthetic_035390__077a64c392.png,train,1,1,1024,1024
full_synthetic_040598,data/cache/sid/train/full_synthetic_040598__f4c3d3eff5.png,train,1,1,1024,1024
b7955b6627b6f871,data/cache/sid/train/b7955b6627b6f871__a900d5fe4d.png,train,0,0,1024,683
full_synthetic_015325,data/cache/sid/train/full_synthetic_015325__89413eec65.png,train,1,1,1024,1024
5ad8878587469717,data/cache/sid/train/5ad8878587469717__17f4bb5934.png,train,0,0,737,1024
full_synthetic_016363,data/cache/sid/train/full_synthetic_016363__8082d33f92.png,train,1,1,1024,1024
06edbee4df5a729c,data/cache/sid/train/06edbee4df5a729c__be8cc5fc41.png,train,0,0,682,1024
0b856bf4b58c328c,data/cache/sid/train/0b856bf4b58c328c__e72323ad5d.png,train,0,0,1024,768
05a68b41e87e90fc,data/cache/sid/train/05a68b41e87e90fc__da4bf3aeeb.png,train,0,0,1024,768
full_synthetic_052654,data/cache/sid/train/full_synthetic_052654__5bd963eb7f.png,train,1,1,1024,1024
00e95ac2b01b68bd,data/cache/sid/train/00e95ac2b01b68bd__60674e09f4.png,train,0,0,1024,768
full_synthetic_011513,data/cache/sid/train/full_synthetic_011513__b535461d16.png,train,1,1,1024,1024
full_synthetic_050180,data/cache/sid/train/full_synthetic_050180__bfa74d024b.png,train,1,1,1024,1024
full_synthetic_018612,data/cache/sid/train/full_synthetic_018612__d3aad86c35.png,train,1,1,1024,1024
full_synthetic_005539,data/cache/sid/train/full_synthetic_005539__e7afd45b32.png,train,1,1,1024,1024
full_synthetic_049078,data/cache/sid/train/full_synthetic_049078__93fefed7c6.png,train,1,1,1024,1024
471afc1dee32cbd1,data/cache/sid/train/471afc1dee32cbd1__318d1cb0c0.png,train,0,0,677,1024
full_synthetic_000290,data/cache/sid/train/full_synthetic_000290__542b9cd600.png,train,1,1,1024,1024
full_synthetic_015220,data/cache/sid/train/full_synthetic_015220__4b7095a023.png,train,1,1,1024,1024
full_synthetic_037580,data/cache/sid/train/full_synthetic_037580__c2f20e8d93.png,train,1,1,1024,1024
full_synthetic_057332,data/cache/sid/train/full_synthetic_057332__441feeac0d.png,train,1,1,1024,1024
3a879c647d999d30,data/cache/sid/train/3a879c647d999d30__f20a071baf.png,train,0,0,680,1024
50ed147f9d704449,data/cache/sid/train/50ed147f9d704449__035af511ce.png,train,0,0,1024,768
full_synthetic_004685,data/cache/sid/train/full_synthetic_004685__a05e1de1ae.png,train,1,1,1024,1024
310512d5cbe73c15,data/cache/sid/train/310512d5cbe73c15__3fbd9b024b.png,train,0,0,1024,828
92066b5d6da9fb47,data/cache/sid/train/92066b5d6da9fb47__48470bbe37.png,train,0,0,1024,684
full_synthetic_014886,data/cache/sid/train/full_synthetic_014886__7714ec4fbf.png,train,1,1,1024,1024
8ff492da56c4748a,data/cache/sid/train/8ff492da56c4748a__95d3f402b8.png,train,0,0,768,1024
2e5927fe555e513d,data/cache/sid/train/2e5927fe555e513d__362f63e373.png,train,0,0,1024,768
b561a892402381d4,data/cache/sid/train/b561a892402381d4__9edd4dc8fe.png,train,0,0,685,1024
ee2d5c04401371fc,data/cache/sid/train/ee2d5c04401371fc__4e74bf3a8e.png,train,0,0,1024,1024
4889ab68ff390f45,data/cache/sid/train/4889ab68ff390f45__c314d9fbba.png,train,0,0,1024,468
full_synthetic_017637,data/cache/sid/train/full_synthetic_017637__1bfde28005.png,train,1,1,1024,1024
full_synthetic_029573,data/cache/sid/train/full_synthetic_029573__c38587040a.png,train,1,1,1024,1024
15f0665c76f1d280,data/cache/sid/train/15f0665c76f1d280__092618ce99.png,train,0,0,1024,577
full_synthetic_000057,data/cache/sid/train/full_synthetic_000057__a46c0a2b79.png,train,1,1,1024,1024
b8c0bdc7848d2bd4,data/cache/sid/train/b8c0bdc7848d2bd4__1e6ca5264a.png,train,0,0,1024,849
40bd9eb642c98c16,data/cache/sid/train/40bd9eb642c98c16__d4306d45d0.png,train,0,0,768,1024
7f14c9f7a075d322,data/cache/sid/train/7f14c9f7a075d322__50b41545bd.png,train,0,0,1024,685
2ab334ba6607df26,data/cache/sid/train/2ab334ba6607df26__3bd3def939.png,train,0,0,1024,852
873473beabe1279d,data/cache/sid/train/873473beabe1279d__884eeb75c9.png,train,0,0,1024,683
440dbf55720166ce,data/cache/sid/train/440dbf55720166ce__f15d3bbf9f.png,train,0,0,1024,768
475c2e8f9eaef607,data/cache/sid/train/475c2e8f9eaef607__7a7812d258.png,train,0,0,1024,683
8de7802674a4e29a,data/cache/sid/train/8de7802674a4e29a__bd758cd387.png,train,0,0,1024,680
72cffc5264f13ca8,data/cache/sid/train/72cffc5264f13ca8__3a49364571.png,train,0,0,1024,768
96ec00e6247e77d1,data/cache/sid/train/96ec00e6247e77d1__e6f140ea7c.png,train,0,0,683,1024
5f114270f656de74,data/cache/sid/train/5f114270f656de74__6c1e408aad.png,train,0,0,1024,768
9c0a7798103906cf,data/cache/sid/train/9c0a7798103906cf__651089c6f0.png,train,0,0,678,1024
full_synthetic_044299,data/cache/sid/train/full_synthetic_044299__261bae7253.png,train,1,1,1024,1024
full_synthetic_027084,data/cache/sid/train/full_synthetic_027084__93884d16b2.png,train,1,1,1024,1024
full_synthetic_048079,data/cache/sid/train/full_synthetic_048079__bbe1a88837.png,train,1,1,1024,1024
ed96e3435944cbca,data/cache/sid/train/ed96e3435944cbca__7eeafe5787.png,train,0,0,544,1024
54aa8fef5640d1a5,data/cache/sid/train/54aa8fef5640d1a5__9db13ed469.png,train,0,0,1024,768
50a0edfbeaa53375,data/cache/sid/train/50a0edfbeaa53375__a0938dd4f1.png,train,0,0,1024,683
0ddc528dc6576bfe,data/cache/sid/train/0ddc528dc6576bfe__664219d5e8.png,train,0,0,1024,773
full_synthetic_017116,data/cache/sid/train/full_synthetic_017116__ccf011d112.png,train,1,1,1024,1024
full_synthetic_066230,data/cache/sid/train/full_synthetic_066230__2fb6a0ab94.png,train,1,1,1024,1024
27f21c61b8a1b116,data/cache/sid/train/27f21c61b8a1b116__9d5b68b8b6.png,train,0,0,1024,682
full_synthetic_041148,data/cache/sid/train/full_synthetic_041148__88a642a070.png,train,1,1,1024,1024
full_synthetic_035414,data/cache/sid/train/full_synthetic_035414__4a374f4681.png,train,1,1,1024,1024
full_synthetic_057049,data/cache/sid/train/full_synthetic_057049__7b8ec1bf19.png,train,1,1,1024,1024
121e12fd464f8600,data/cache/sid/train/121e12fd464f8600__32c0eed5f6.png,train,0,0,1024,662
0b212f01231d8814,data/cache/sid/train/0b212f01231d8814__6e64df7ad4.png,train,0,0,1024,691
70afa8c8569c805c,data/cache/sid/train/70afa8c8569c805c__f4e2a378a6.png,train,0,0,1024,705
07e6a576c0288638,data/cache/sid/train/07e6a576c0288638__f117398276.png,train,0,0,1024,957
full_synthetic_060192,data/cache/sid/train/full_synthetic_060192__6f7ce30587.png,train,1,1,1024,1024
e2717b6100cf2cba,data/cache/sid/train/e2717b6100cf2cba__207c1076c0.png,train,0,0,1024,768
bd2b5b56537d9132,data/cache/sid/train/bd2b5b56537d9132__afafe88d1a.png,train,0,0,1024,655
a7c2ac62105b67bd,data/cache/sid/train/a7c2ac62105b67bd__07bf8a914e.png,train,0,0,1024,683
a50b5f11c9d61ed7,data/cache/sid/train/a50b5f11c9d61ed7__10965abb38.png,train,0,0,1024,768
full_synthetic_042849,data/cache/sid/train/full_synthetic_042849__6b837e1c7b.png,train,1,1,1024,1024
aa267af12da2c919,data/cache/sid/train/aa267af12da2c919__77a5cdb5f1.png,train,0,0,1024,683
full_synthetic_011336,data/cache/sid/train/full_synthetic_011336__9ad3705ff4.png,train,1,1,1024,1024
full_synthetic_029087,data/cache/sid/train/full_synthetic_029087__bfae96bc17.png,train,1,1,1024,1024
8248cde3b8d76472,data/cache/sid/train/8248cde3b8d76472__9586f3540f.png,train,0,0,1024,682
ad11947e0ea048b9,data/cache/sid/train/ad11947e0ea048b9__41d111d5f4.png,train,0,0,1024,683
d9552fe247f5c934,data/cache/sid/train/d9552fe247f5c934__e5bc7b21eb.png,train,0,0,1024,768
889ff30b6a4edef2,data/cache/sid/train/889ff30b6a4edef2__0ce7d77f00.png,train,0,0,1024,764
217a8e6b3db11f62,data/cache/sid/train/217a8e6b3db11f62__71915ce042.png,train,0,0,680,1024
full_synthetic_023861,data/cache/sid/train/full_synthetic_023861__b3caaed985.png,train,1,1,1024,1024
full_synthetic_068410,data/cache/sid/train/full_synthetic_068410__439c4643b5.png,train,1,1,1024,1024
full_synthetic_051689,data/cache/sid/train/full_synthetic_051689__37886109e8.png,train,1,1,1024,1024
full_synthetic_026906,data/cache/sid/train/full_synthetic_026906__c33664cc5d.png,train,1,1,1024,1024
full_synthetic_058074,data/cache/sid/train/full_synthetic_058074__f3ad402740.png,train,1,1,1024,1024
197ddf4bdf2009b8,data/cache/sid/train/197ddf4bdf2009b8__f6506dede2.png,train,0,0,1024,768
46357535107a5915,data/cache/sid/train/46357535107a5915__45d68a9df6.png,train,0,0,1024,684
e1517f56a7752e65,data/cache/sid/train/e1517f56a7752e65__374f65247a.png,train,0,0,1024,681
full_synthetic_068058,data/cache/sid/train/full_synthetic_068058__37354635a7.png,train,1,1,1024,1024
full_synthetic_063134,data/cache/sid/train/full_synthetic_063134__7ede734276.png,train,1,1,1024,1024
full_synthetic_056804,data/cache/sid/train/full_synthetic_056804__6c7bf0f758.png,train,1,1,1024,1024
289bde9095f096d0,data/cache/sid/train/289bde9095f096d0__5d75af05ea.png,train,0,0,1024,683
full_synthetic_040744,data/cache/sid/train/full_synthetic_040744__0de8e4a779.png,train,1,1,1024,1024
full_synthetic_019475,data/cache/sid/train/full_synthetic_019475__75dbab0e1f.png,train,1,1,1024,1024
68e9c0729f11722c,data/cache/sid/train/68e9c0729f11722c__809be0bad9.png,train,0,0,1024,768
full_synthetic_017230,data/cache/sid/train/full_synthetic_017230__95e31f57a1.png,train,1,1,1024,1024
6f441ac992dafca5,data/cache/sid/train/6f441ac992dafca5__23b94140cb.png,train,0,0,1024,683
full_synthetic_007755,data/cache/sid/train/full_synthetic_007755__e7c339d66a.png,train,1,1,1024,1024
b5906bc980a32332,data/cache/sid/train/b5906bc980a32332__ad4bc1eec6.png,train,0,0,683,1024
full_synthetic_007052,data/cache/sid/train/full_synthetic_007052__ebcd75093c.png,train,1,1,1024,1024
4b55c8e351dce61c,data/cache/sid/train/4b55c8e351dce61c__a2310d8059.png,train,0,0,1024,530
full_synthetic_035386,data/cache/sid/train/full_synthetic_035386__56a97cce51.png,train,1,1,1024,1024
5be577037cfe9248,data/cache/sid/train/5be577037cfe9248__9ce5b65005.png,train,0,0,1024,684
full_synthetic_008362,data/cache/sid/train/full_synthetic_008362__5fcba8a7f1.png,train,1,1,1024,1024
full_synthetic_055269,data/cache/sid/train/full_synthetic_055269__22ef6dae01.png,train,1,1,1024,1024
35edc04fa94dc7f3,data/cache/sid/train/35edc04fa94dc7f3__e84d9e32c4.png,train,0,0,1024,681
79b5e81807a73eb8,data/cache/sid/train/79b5e81807a73eb8__47d053e8c9.png,train,0,0,1024,768
ee75ddd61f4ba364,data/cache/sid/train/ee75ddd61f4ba364__546e55cc6b.png,train,0,0,1024,768
full_synthetic_013537,data/cache/sid/train/full_synthetic_013537__12ab9a61cb.png,train,1,1,1024,1024
full_synthetic_045950,data/cache/sid/train/full_synthetic_045950__93364648f8.png,train,1,1,1024,1024
full_synthetic_015305,data/cache/sid/train/full_synthetic_015305__c8c04a820c.png,train,1,1,1024,1024
1295b04c29a1af08,data/cache/sid/train/1295b04c29a1af08__e717de13cf.png,train,0,0,419,1024
bd74736ec5ee6922,data/cache/sid/train/bd74736ec5ee6922__2c53b87871.png,train,0,0,1024,680
full_synthetic_034262,data/cache/sid/train/full_synthetic_034262__2dd16f2b1d.png,train,1,1,1024,1024
057e7d5649080b13,data/cache/sid/train/057e7d5649080b13__3ebe6b98c6.png,train,0,0,1024,683
9f8b4757d16c40b1,data/cache/sid/train/9f8b4757d16c40b1__4976867809.png,train,0,0,1024,765
full_synthetic_063346,data/cache/sid/train/full_synthetic_063346__509c08fd66.png,train,1,1,1024,1024
full_synthetic_032118,data/cache/sid/train/full_synthetic_032118__3e4697edae.png,train,1,1,1024,1024
full_synthetic_019609,data/cache/sid/train/full_synthetic_019609__cfe758f98e.png,train,1,1,1024,1024
full_synthetic_000846,data/cache/sid/train/full_synthetic_000846__bee0efad70.png,train,1,1,1024,1024
full_synthetic_058674,data/cache/sid/train/full_synthetic_058674__72caad863d.png,train,1,1,1024,1024
full_synthetic_037830,data/cache/sid/train/full_synthetic_037830__1e8a957de2.png,train,1,1,1024,1024
8283aee325ec9e2b,data/cache/sid/train/8283aee325ec9e2b__c4c766b52d.png,train,0,0,1024,652
bdd73e61a396842b,data/cache/sid/train/bdd73e61a396842b__377f58fe55.png,train,0,0,683,1024
6dd1bc4ecf559a04,data/cache/sid/train/6dd1bc4ecf559a04__ec34ddb429.png,train,0,0,786,1024
full_synthetic_036263,data/cache/sid/train/full_synthetic_036263__03113efa2d.png,train,1,1,1024,1024
02e90051cc66e2b4,data/cache/sid/train/02e90051cc66e2b4__fb47eb2a86.png,train,0,0,1024,413
full_synthetic_010042,data/cache/sid/train/full_synthetic_010042__73a297a35f.png,train,1,1,1024,1024
full_synthetic_005870,data/cache/sid/train/full_synthetic_005870__4bcc106575.png,train,1,1,1024,1024
54d156d69e409ea4,data/cache/sid/train/54d156d69e409ea4__43bc4d28f0.png,train,0,0,1024,768
full_synthetic_033650,data/cache/sid/train/full_synthetic_033650__edfe525f5a.png,train,1,1,1024,1024
full_synthetic_032555,data/cache/sid/train/full_synthetic_032555__7a8a81ac16.png,train,1,1,1024,1024
65595858debdaa09,data/cache/sid/train/65595858debdaa09__67d0e0c057.png,train,0,0,1024,768
full_synthetic_044189,data/cache/sid/train/full_synthetic_044189__bedd879db9.png,train,1,1,1024,1024
14856353de4924ca,data/cache/sid/train/14856353de4924ca__61643fe140.png,train,0,0,1024,1023
bfafdc0dcbcf34b4,data/cache/sid/train/bfafdc0dcbcf34b4__ebba84331b.png,train,0,0,1024,681
full_synthetic_007852,data/cache/sid/train/full_synthetic_007852__36d6ea0b8d.png,train,1,1,1024,1024
full_synthetic_042821,data/cache/sid/train/full_synthetic_042821__ab1162d29c.png,train,1,1,1024,1024
full_synthetic_027514,data/cache/sid/train/full_synthetic_027514__bf8ac9221c.png,train,1,1,1024,1024
full_synthetic_041483,data/cache/sid/train/full_synthetic_041483__557a559bac.png,train,1,1,1024,1024
912b34fc0a3a06c8,data/cache/sid/train/912b34fc0a3a06c8__3d4ea630d1.png,train,0,0,1024,768
3f1f7988d2152951,data/cache/sid/train/3f1f7988d2152951__d009dee1dd.png,train,0,0,1024,577
full_synthetic_040206,data/cache/sid/train/full_synthetic_040206__e0065c3c38.png,train,1,1,1024,1024
e59ec49e8a40f408,data/cache/sid/train/e59ec49e8a40f408__f948bacb7e.png,train,0,0,1024,1024
21b46b93b71d901d,data/cache/sid/train/21b46b93b71d901d__b370bb5012.png,train,0,0,752,1024
68286079deb5305e,data/cache/sid/train/68286079deb5305e__fee16fc1a4.png,train,0,0,768,768
full_synthetic_045905,data/cache/sid/train/full_synthetic_045905__44e69f7420.png,train,1,1,1024,1024
647e0bfcef93d806,data/cache/sid/train/647e0bfcef93d806__b6a1bed59a.png,train,0,0,1024,682
e14750b3699732d7,data/cache/sid/train/e14750b3699732d7__5fe6a58c05.png,train,0,0,1024,768
full_synthetic_065023,data/cache/sid/train/full_synthetic_065023__a360c8fbdd.png,train,1,1,1024,1024
324c96b637ce4d6d,data/cache/sid/train/324c96b637ce4d6d__367ed78fe1.png,train,0,0,1024,1024
07a61ea16bcd527b,data/cache/sid/train/07a61ea16bcd527b__cd025e95aa.png,train,0,0,1024,716
2e5011c2e2c0d475,data/cache/sid/train/2e5011c2e2c0d475__6d2d91b22e.png,train,0,0,1024,804
e9c270a226d513e9,data/cache/sid/train/e9c270a226d513e9__75a14ae940.png,train,0,0,1024,685
343f49d060dc5fe9,data/cache/sid/train/343f49d060dc5fe9__35c9f2b995.png,train,0,0,1024,683
8c463855b497554c,data/cache/sid/train/8c463855b497554c__9f2e37c70d.png,train,0,0,1024,1024
138a31fa5b788048,data/cache/sid/train/138a31fa5b788048__d459f0273d.png,train,0,0,1024,768
22de2a79b1263ff5,data/cache/sid/train/22de2a79b1263ff5__150c6fbfac.png,train,0,0,1024,768
b8dccec29a11068d,data/cache/sid/train/b8dccec29a11068d__73efd5b02d.png,train,0,0,1024,765
full_synthetic_039491,data/cache/sid/train/full_synthetic_039491__12453f02d6.png,train,1,1,1024,1024
a1b0c2246f256ccd,data/cache/sid/train/a1b0c2246f256ccd__b130dff20b.png,train,0,0,1024,683
full_synthetic_016045,data/cache/sid/train/full_synthetic_016045__7fea0634da.png,train,1,1,1024,1024
ace86c67ac23e219,data/cache/sid/train/ace86c67ac23e219__c2cb2b50e6.png,train,0,0,1024,768
b973e052dde95e63,data/cache/sid/train/b973e052dde95e63__290462e2fc.png,train,0,0,1024,768
c14ad7e8a612ee84,data/cache/sid/train/c14ad7e8a612ee84__e1fd7cc558.png,train,0,0,1024,683
full_synthetic_058202,data/cache/sid/train/full_synthetic_058202__5b2d067e2e.png,train,1,1,1024,1024
full_synthetic_051014,data/cache/sid/train/full_synthetic_051014__6ddeebad7d.png,train,1,1,1024,1024
9bc92fe825a6e285,data/cache/sid/train/9bc92fe825a6e285__2867810c75.png,train,0,0,1024,683
full_synthetic_026833,data/cache/sid/train/full_synthetic_026833__5ba1d058aa.png,train,1,1,1024,1024
38877796dfa742ce,data/cache/sid/train/38877796dfa742ce__f29eecf69d.png,train,0,0,768,1024
full_synthetic_045331,data/cache/sid/train/full_synthetic_045331__94f41f871a.png,train,1,1,1024,1024
full_synthetic_013649,data/cache/sid/train/full_synthetic_013649__6de1eb3ee2.png,train,1,1,1024,1024
78b3c0b65e929636,data/cache/sid/train/78b3c0b65e929636__bfd7601c2f.png,train,0,0,1024,768
full_synthetic_051367,data/cache/sid/train/full_synthetic_051367__a62bf86d3a.png,train,1,1,1024,1024
full_synthetic_002644,data/cache/sid/train/full_synthetic_002644__e91f903906.png,train,1,1,1024,1024
full_synthetic_022014,data/cache/sid/train/full_synthetic_022014__5ad61ea8d4.png,train,1,1,1024,1024
09e3e8ca8de44bd7,data/cache/sid/train/09e3e8ca8de44bd7__99fbcdae8c.png,train,0,0,1024,768
6f2bd5e2f8674337,data/cache/sid/train/6f2bd5e2f8674337__c388a60962.png,train,0,0,768,1024
d19ee44351d8823f,data/cache/sid/train/d19ee44351d8823f__34d946b885.png,train,0,0,1024,685
c81525af90bd8318,data/cache/sid/train/c81525af90bd8318__7c9cb94d82.png,train,0,0,1024,678
8013cf904b57a529,data/cache/sid/train/8013cf904b57a529__fbe811ab49.png,train,0,0,1024,768
b86472303e7969d3,data/cache/sid/train/b86472303e7969d3__1c1efa397f.png,train,0,0,1024,682
full_synthetic_037033,data/cache/sid/train/full_synthetic_037033__3d731cddb5.png,train,1,1,1024,1024
full_synthetic_059074,data/cache/sid/train/full_synthetic_059074__550bd220b8.png,train,1,1,1024,1024
full_synthetic_043467,data/cache/sid/train/full_synthetic_043467__56d5f24d11.png,train,1,1,1024,1024
f164007c586d2a14,data/cache/sid/train/f164007c586d2a14__008da1285a.png,train,0,0,1024,645
e38b71b539613307,data/cache/sid/train/e38b71b539613307__94ef6cb84f.png,train,0,0,1024,681
full_synthetic_020137,data/cache/sid/train/full_synthetic_020137__6096785807.png,train,1,1,1024,1024
full_synthetic_068416,data/cache/sid/train/full_synthetic_068416__211a0c1b21.png,train,1,1,1024,1024
full_synthetic_035542,data/cache/sid/train/full_synthetic_035542__6a3a768931.png,train,1,1,1024,1024
full_synthetic_048112,data/cache/sid/train/full_synthetic_048112__7f9a45deff.png,train,1,1,1024,1024
full_synthetic_067338,data/cache/sid/train/full_synthetic_067338__cb75dbd976.png,train,1,1,1024,1024
full_synthetic_056752,data/cache/sid/train/full_synthetic_056752__5288760b9a.png,train,1,1,1024,1024
aea19f39d885bcd8,data/cache/sid/train/aea19f39d885bcd8__df75f9f45f.png,train,0,0,1024,768
full_synthetic_027697,data/cache/sid/train/full_synthetic_027697__2562556b2c.png,train,1,1,1024,1024
7eb9a81b9f503358,data/cache/sid/train/7eb9a81b9f503358__260a45f468.png,train,0,0,657,1024
f834b8154e282cf4,data/cache/sid/train/f834b8154e282cf4__be8767f762.png,train,0,0,1024,683
190f461499965cac,data/cache/sid/train/190f461499965cac__194129b8a6.png,train,0,0,1024,683
205e606aa4d09ac1,data/cache/sid/train/205e606aa4d09ac1__1638de7504.png,train,0,0,1024,768
d09f62eafaa4dbd2,data/cache/sid/train/d09f62eafaa4dbd2__59f3d84024.png,train,0,0,1024,739
01f244145a5b4f00,data/cache/sid/train/01f244145a5b4f00__4462cd13c3.png,train,0,0,1024,768
fbea358ff9274cbf,data/cache/sid/train/fbea358ff9274cbf__4d0125a0e1.png,train,0,0,1024,576
full_synthetic_003351,data/cache/sid/train/full_synthetic_003351__2094d5c009.png,train,1,1,1024,1024
full_synthetic_026398,data/cache/sid/train/full_synthetic_026398__8c1b23a273.png,train,1,1,1024,1024
b5b2e278986e0a0f,data/cache/sid/train/b5b2e278986e0a0f__54de7ce87c.png,train,0,0,683,1024
full_synthetic_056111,data/cache/sid/train/full_synthetic_056111__42cfd741ff.png,train,1,1,1024,1024
full_synthetic_068812,data/cache/sid/train/full_synthetic_068812__f5bcad9c19.png,train,1,1,1024,1024
ddfa3e9a9f1bd819,data/cache/sid/train/ddfa3e9a9f1bd819__0fee941e6c.png,train,0,0,1024,768
full_synthetic_062976,data/cache/sid/train/full_synthetic_062976__096c544e90.png,train,1,1,1024,1024
bbae3f9b977af5ab,data/cache/sid/train/bbae3f9b977af5ab__047f0dbbfe.png,train,0,0,804,1024
full_synthetic_055126,data/cache/sid/train/full_synthetic_055126__7e7b47b717.png,train,1,1,1024,1024
43e20d97ab97ffac,data/cache/sid/train/43e20d97ab97ffac__163c876900.png,train,0,0,1024,683
8daebe5c1b8c9dd2,data/cache/sid/train/8daebe5c1b8c9dd2__bb1cdaca25.png,train,0,0,1024,576
full_synthetic_051930,data/cache/sid/train/full_synthetic_051930__6940802a70.png,train,1,1,1024,1024
61a2ccec16d97455,data/cache/sid/train/61a2ccec16d97455__3c8da9c2ed.png,train,0,0,695,1024
full_synthetic_051936,data/cache/sid/train/full_synthetic_051936__22feed5b28.png,train,1,1,1024,1024
a71ded38d770bd48,data/cache/sid/train/a71ded38d770bd48__f8104e92e7.png,train,0,0,1024,768
aada107f62a8e618,data/cache/sid/train/aada107f62a8e618__baba2a16db.png,train,0,0,1024,768
19fa2da2c5ea2cbd,data/cache/sid/train/19fa2da2c5ea2cbd__7048a376ab.png,train,0,0,1024,760
full_synthetic_016901,data/cache/sid/train/full_synthetic_016901__90cb68b2bc.png,train,1,1,1024,1024
c31c237ee74fc817,data/cache/sid/train/c31c237ee74fc817__d579c8627b.png,train,0,0,1024,576
full_synthetic_055330,data/cache/sid/train/full_synthetic_055330__ea808a4c7c.png,train,1,1,1024,1024
full_synthetic_000536,data/cache/sid/train/full_synthetic_000536__5f987d30b9.png,train,1,1,1024,1024
full_synthetic_068243,data/cache/sid/train/full_synthetic_068243__5782a1f270.png,train,1,1,1024,1024
full_synthetic_054285,data/cache/sid/train/full_synthetic_054285__5b066a04c3.png,train,1,1,1024,1024
full_synthetic_068676,data/cache/sid/train/full_synthetic_068676__04a641f81c.png,train,1,1,1024,1024
2458bde0e8849e8c,data/cache/sid/train/2458bde0e8849e8c__7d60daea03.png,train,0,0,1024,680
full_synthetic_060262,data/cache/sid/train/full_synthetic_060262__97546f6ff8.png,train,1,1,1024,1024
e86c4ea8a058dfc3,data/cache/sid/train/e86c4ea8a058dfc3__f1d4905b87.png,train,0,0,1024,767
98515879e588486d,data/cache/sid/train/98515879e588486d__0846d2621a.png,train,0,0,1024,683
98cbad3490fb89d3,data/cache/sid/train/98cbad3490fb89d3__df6200edf9.png,train,0,0,1024,683
full_synthetic_058534,data/cache/sid/train/full_synthetic_058534__e0d66637fa.png,train,1,1,1024,1024
full_synthetic_038206,data/cache/sid/train/full_synthetic_038206__b6929a6b9d.png,train,1,1,1024,1024
cb60e447d1b705be,data/cache/sid/train/cb60e447d1b705be__0e61c0729a.png,train,0,0,584,1024
b8de7d7993b31657,data/cache/sid/train/b8de7d7993b31657__3369d3bfb9.png,train,0,0,680,1024
4be00ad605f73bda,data/cache/sid/train/4be00ad605f73bda__e52fd6a1db.png,train,0,0,1024,675
c48672d52c0860a3,data/cache/sid/train/c48672d52c0860a3__485813704f.png,train,0,0,1024,683
full_synthetic_044959,data/cache/sid/train/full_synthetic_044959__5e8465d8e7.png,train,1,1,1024,1024
fa0f0d07c4e8ab0c,data/cache/sid/train/fa0f0d07c4e8ab0c__d659f389c1.png,train,0,0,683,1024
6c281888705841d8,data/cache/sid/train/6c281888705841d8__4fc1891760.png,train,0,0,1024,685
full_synthetic_040324,data/cache/sid/train/full_synthetic_040324__a7ee4feb76.png,train,1,1,1024,1024
full_synthetic_039788,data/cache/sid/train/full_synthetic_039788__a73834eef8.png,train,1,1,1024,1024
full_synthetic_035227,data/cache/sid/train/full_synthetic_035227__bd5a35570b.png,train,1,1,1024,1024
